-- ===========================================================================
-- Raging Barbarians & Unique Barbarians mode
-- ===========================================================================
-- ===========================================================================
-- ===========================================================================
-- Diminish Loyalty Trait
-- ===========================================================================

-- INSERT INTO TraitModifiers (TraitType, ModifierID)
-- VALUES
		-- ('TRAIT_LEADER_BARBARIAN', 'TRAIT_BARBARIAN_DIMINISH_LOYALTY');
		
-- INSERT INTO Modifiers (ModifierID, ModifierType)
-- VALUES
		-- ('TRAIT_BARBARIAN_DIMINISH_LOYALTY', 'MODIFIER_PLAYER_ADJUST_POST_COMBAT_LOYALTY');
		
-- INSERT INTO ModifierArguments (ModifierID, Name, Type, Value)
-- VALUES
		-- ('TRAIT_BARBARIAN_DIMINISH_LOYALTY', 'Amount', 'ARGTYPE_IDENTITY', '-20'),
		-- ('TRAIT_BARBARIAN_DIMINISH_LOYALTY', 'AdditionalGoldenAge', 'ARGTYPE_IDENTITY', '0'),
		-- ('TRAIT_BARBARIAN_DIMINISH_LOYALTY', 'AffectLocal', 'ARGTYPE_IDENTITY', '0');
		
-- ===========================================================================
-- Barbarian Unique Units
-- ===========================================================================

INSERT INTO Types (Type, Kind)
VALUES
		('UNIT_BARBARIAN_AFRICA_WARRIOR', 'KIND_UNIT'			),
		('UNIT_BARBARIAN_ASIA_WARRIOR', 'KIND_UNIT'				),
		('UNIT_BARBARIAN_ASIA_SWORDSMAN', 'KIND_UNIT'			),
		('UNIT_BARBARIAN_AUSTRALIA_WARRIOR', 'KIND_UNIT'		),
		('UNIT_BARBARIAN_BERSERKER', 'KIND_UNIT'				),
		('UNIT_BARBARIAN_BLACK_ARMY', 'KIND_UNIT'				),
		('UNIT_BARBARIAN_CATAPHRACT', 'KIND_UNIT'				),
		('UNIT_BARBARIAN_CHARIOT', 'KIND_UNIT'					),
		('UNIT_BARBARIAN_CONQUISTADOR', 'KIND_UNIT'				),
		('UNIT_BARBARIAN_CORSAIR', 'KIND_UNIT'					),
		('UNIT_BARBARIAN_COSSACK', 'KIND_UNIT'					),
		('UNIT_BARBARIAN_DOMREY', 'KIND_UNIT'					),
		('UNIT_BARBARIAN_EAGLE_WARRIOR', 'KIND_UNIT'			),
		('UNIT_BARBARIAN_GAESATAE', 'KIND_UNIT'					),
		('UNIT_BARBARIAN_HIGHLANDER', 'KIND_UNIT'				),
		('UNIT_BARBARIAN_HOPLITE', 'KIND_UNIT'					),
		('UNIT_BARBARIAN_HULCHE', 'KIND_UNIT'					),
		('UNIT_BARBARIAN_IMMORTAL', 'KIND_UNIT'					),
		('UNIT_BARBARIAN_IMPI', 'KIND_UNIT'						),
		('UNIT_BARBARIAN_JANISSARY', 'KIND_UNIT'				),
		('UNIT_BARBARIAN_KESHIG', 'KIND_UNIT'					),
		('UNIT_BARBARIAN_KHEVSURETI', 'KIND_UNIT'				),
		('UNIT_BARBARIAN_LLANERO', 'KIND_UNIT'					),
		('UNIT_BARBARIAN_LONGSHIP', 'KIND_UNIT'					),
		('UNIT_BARBARIAN_MALON_RAIDER', 'KIND_UNIT'				),
		('UNIT_BARBARIAN_MAMLUK', 'KIND_UNIT'					),
		('UNIT_BARBARIAN_MANDEKALU', 'KIND_UNIT'				),
		('UNIT_BARBARIAN_MEDJAY', 'KIND_UNIT'					),
		('UNIT_BARBARIAN_NORTHAM_HORSEMAN', 'KIND_UNIT'			),
		('UNIT_BARBARIAN_OKIHTCITAW', 'KIND_UNIT'				),
		('UNIT_BARBARIAN_DOG_SOLDIER', 'KIND_UNIT'				),
		('UNIT_BARBARIAN_OROMO_CAVALRY', 'KIND_UNIT'			),
		('UNIT_BARBARIAN_PITATI', 'KIND_UNIT'					),
		('UNIT_BARBARIAN_PRIVATEER', 'KIND_UNIT'				),
		('UNIT_BARBARIAN_ROUGH_RIDER', 'KIND_UNIT'				),
		('UNIT_BARBARIAN_SAMURAI', 'KIND_UNIT'					),
		('UNIT_BARBARIAN_SCYTHIAN_HORSE_ARCHER', 'KIND_UNIT'	),
		('UNIT_BARBARIAN_SHIELD_BEARER', 'KIND_UNIT'			),
		('UNIT_BARBARIAN_SOUTHAM_WARRIOR', 'KIND_UNIT'			),
		('UNIT_BARBARIAN_TOA', 'KIND_UNIT'						),
		('UNIT_BARBARIAN_VARU', 'KIND_UNIT'						),
		('UNIT_BARBARIAN_VOI_CHIEN', 'KIND_UNIT'				),
		('UNIT_BARBARIAN_WARAKAQ', 'KIND_UNIT'					);

INSERT INTO TypeTags (Type, Tag)
VALUES
		('UNIT_BARBARIAN_AFRICA_WARRIOR', 'CLASS_MELEE'							),
		('UNIT_BARBARIAN_ASIA_WARRIOR', 'CLASS_MELEE'							),
		('UNIT_BARBARIAN_ASIA_SWORDSMAN', 'CLASS_MELEE'							),
		('UNIT_BARBARIAN_AUSTRALIA_WARRIOR', 'CLASS_MELEE'						),
		('UNIT_BARBARIAN_BERSERKER', 'CLASS_MELEE'								),
		('UNIT_BARBARIAN_BERSERKER', 'CLASS_MELEE_BERSERKER'					),
		('UNIT_BARBARIAN_BLACK_ARMY', 'CLASS_LIGHT_CAVALRY'						),
		('UNIT_BARBARIAN_BLACK_ARMY', 'CLASS_BLACK_ARMY'						),
		('UNIT_BARBARIAN_CATAPHRACT', 'CLASS_HEAVY_CAVALRY'						),
		('UNIT_BARBARIAN_CATAPHRACT', 'CLASS_TAGMA'								),
		('UNIT_BARBARIAN_CHARIOT', 'CLASS_HEAVY_CAVALRY'						),
		('UNIT_BARBARIAN_CHARIOT', 'CLASS_HEAVY_CHARIOT'						),
		('UNIT_BARBARIAN_CONQUISTADOR', 'CLASS_MELEE'							),
		('UNIT_BARBARIAN_CORSAIR', 'CLASS_NAVAL_RAIDER'							),
		('UNIT_BARBARIAN_CORSAIR', 'CLASS_NAVAL_RANGED'							),
		('UNIT_BARBARIAN_CORSAIR', 'CLASS_CORSAIR'								),
		('UNIT_BARBARIAN_CORSAIR', 'CLASS_CAPTURE_SHIPS'						),
		('UNIT_BARBARIAN_COSSACK', 'CLASS_LIGHT_CAVALRY'						),
		('UNIT_BARBARIAN_COSSACK', 'CLASS_COSSACK'								),
		('UNIT_BARBARIAN_DOG_SOLDIER', 'CLASS_RECON'							),
		('UNIT_BARBARIAN_DOG_SOLDIER', 'CLASS_SCOTTISH_HIGHLANDER'				),
		('UNIT_BARBARIAN_DOG_SOLDIER', 'CLASS_GAESATAE'							),
		('UNIT_BARBARIAN_DOMREY', 'CLASS_SIEGE'									),
		('UNIT_BARBARIAN_DOMREY', 'CLASS_FORWARD_OBSERVER'						),
		('UNIT_BARBARIAN_EAGLE_WARRIOR', 'CLASS_MELEE'							),
		('UNIT_BARBARIAN_EAGLE_WARRIOR', 'CLASS_GAESATAE'						),
		('UNIT_BARBARIAN_GAESATAE', 'CLASS_MELEE'								),
		('UNIT_BARBARIAN_GAESATAE', 'CLASS_GAESATAE'							),
		('UNIT_BARBARIAN_HIGHLANDER', 'CLASS_RECON'								),
		('UNIT_BARBARIAN_HIGHLANDER', 'CLASS_SCOTTISH_HIGHLANDER'				),
		('UNIT_BARBARIAN_HOPLITE', 'CLASS_ANTI_CAVALRY'							),
		('UNIT_BARBARIAN_HOPLITE', 'CLASS_HOPLITE'								),
		('UNIT_BARBARIAN_HULCHE', 'CLASS_RANGED'								),
		('UNIT_BARBARIAN_IMMORTAL', 'CLASS_MELEE'								),
		('UNIT_BARBARIAN_IMMORTAL', 'CLASS_RANGED'								),
		('UNIT_BARBARIAN_IMPI', 'CLASS_ANTI_CAVALRY'							),
		('UNIT_BARBARIAN_IMPI', 'CLASS_ZULU_IMPI'								),
		('UNIT_BARBARIAN_IMPI', 'CLASS_GAESATAE'								),
		('UNIT_BARBARIAN_JANISSARY', 'CLASS_MELEE'								),
		('UNIT_BARBARIAN_JANISSARY', 'CLASS_JANISSARY'							),
		('UNIT_BARBARIAN_KESHIG', 'CLASS_RANGED_CAVALRY'						),
		('UNIT_BARBARIAN_KHEVSURETI', 'CLASS_MELEE'								),
		('UNIT_BARBARIAN_KHEVSURETI', 'CLASS_GEORGIAN_KHEVSURETI'				),
		('UNIT_BARBARIAN_LLANERO', 'CLASS_LIGHT_CAVALRY'						),
		('UNIT_BARBARIAN_LLANERO', 'CLASS_COLOMBIAN_LLANERO'					),
		('UNIT_BARBARIAN_LONGSHIP', 'CLASS_NAVAL_MELEE'							),
		('UNIT_BARBARIAN_LONGSHIP', 'CLASS_LONGSHIP'							),
		('UNIT_BARBARIAN_MALON_RAIDER', 'CLASS_LIGHT_CAVALRY'					),
		('UNIT_BARBARIAN_MAMLUK', 'CLASS_HEAVY_CAVALRY'							),
		('UNIT_BARBARIAN_MAMLUK', 'CLASS_MAMLUK'								),
		('UNIT_BARBARIAN_MANDEKALU', 'CLASS_HEAVY_CAVALRY'						),
		('UNIT_BARBARIAN_MEDJAY', 'CLASS_MELEE'									),
		('UNIT_BARBARIAN_NORTHAM_HORSEMAN', 'CLASS_LIGHT_CAVALRY'				),
		('UNIT_BARBARIAN_OKIHTCITAW', 'CLASS_RECON'								),
		('UNIT_BARBARIAN_OKIHTCITAW', 'CLASS_SCOTTISH_HIGHLANDER'				),
		('UNIT_BARBARIAN_OROMO_CAVALRY', 'CLASS_LIGHT_CAVALRY'					),
		('UNIT_BARBARIAN_OROMO_CAVALRY', 'CLASS_ETHIOPIAN_OROMO_CAVALRY'		),
		('UNIT_BARBARIAN_PITATI', 'CLASS_RANGED'								),
		('UNIT_BARBARIAN_PRIVATEER', 'CLASS_NAVAL_RAIDER'						),
		('UNIT_BARBARIAN_PRIVATEER', 'CLASS_NAVAL_RANGED'						),
		('UNIT_BARBARIAN_PRIVATEER', 'CLASS_CAPTURE_SHIPS'						),
		('UNIT_BARBARIAN_ROUGH_RIDER', 'CLASS_HEAVY_CAVALRY'					),
		('UNIT_BARBARIAN_SAMURAI', 'CLASS_MELEE'								),
		('UNIT_BARBARIAN_SAMURAI', 'CLASS_SAMURAI'								),
		('UNIT_BARBARIAN_SCYTHIAN_HORSE_ARCHER', 'CLASS_RANGED_CAVALRY'			),
		('UNIT_BARBARIAN_SHIELD_BEARER', 'CLASS_MELEE'							),
		('UNIT_BARBARIAN_SHIELD_BEARER', 'CLASS_NAGAO'							),
		('UNIT_BARBARIAN_SHIELD_BEARER', 'CLASS_GAESATAE'						),
		('UNIT_BARBARIAN_SOUTHAM_WARRIOR', 'CLASS_MELEE'						),
		('UNIT_BARBARIAN_TOA', 'CLASS_MELEE'									),
		('UNIT_BARBARIAN_TOA', 'CLASS_TOA'										),
		('UNIT_BARBARIAN_VARU', 'CLASS_HEAVY_CAVALRY'							),
		('UNIT_BARBARIAN_VARU', 'CLASS_VARU'									),
		('UNIT_BARBARIAN_VOI_CHIEN', 'CLASS_RANGED'								),
		('UNIT_BARBARIAN_VOI_CHIEN', 'CLASS_VOI_CHIEN'							),
		('UNIT_BARBARIAN_WARAKAQ', 'CLASS_RECON'								),
		('UNIT_BARBARIAN_WARAKAQ', 'CLASS_RANGED'								),
		('UNIT_BARBARIAN_WARAKAQ', 'CLASS_WARAKAQ'								);
		
INSERT INTO UnitAiInfos (UnitType, AiType)
VALUES
		('UNIT_BARBARIAN_AFRICA_WARRIOR', 'UNITAI_COMBAT'				),
		('UNIT_BARBARIAN_AFRICA_WARRIOR', 'UNITAI_EXPLORE'				),
		('UNIT_BARBARIAN_AFRICA_WARRIOR', 'UNITTYPE_LAND_COMBAT'		),
		('UNIT_BARBARIAN_AFRICA_WARRIOR', 'UNITTYPE_MELEE'				),
		('UNIT_BARBARIAN_ASIA_WARRIOR', 'UNITAI_COMBAT'					),
		('UNIT_BARBARIAN_ASIA_WARRIOR', 'UNITAI_EXPLORE'				),
		('UNIT_BARBARIAN_ASIA_WARRIOR', 'UNITTYPE_LAND_COMBAT'			),
		('UNIT_BARBARIAN_ASIA_WARRIOR', 'UNITTYPE_MELEE'				),
		('UNIT_BARBARIAN_ASIA_SWORDSMAN', 'UNITAI_COMBAT'				),
		('UNIT_BARBARIAN_ASIA_SWORDSMAN', 'UNITAI_EXPLORE'				),
		('UNIT_BARBARIAN_ASIA_SWORDSMAN', 'UNITTYPE_LAND_COMBAT'		),
		('UNIT_BARBARIAN_ASIA_SWORDSMAN', 'UNITTYPE_MELEE'				),
		('UNIT_BARBARIAN_AUSTRALIA_WARRIOR', 'UNITAI_COMBAT'			),
		('UNIT_BARBARIAN_AUSTRALIA_WARRIOR', 'UNITAI_EXPLORE'			),
		('UNIT_BARBARIAN_AUSTRALIA_WARRIOR', 'UNITTYPE_LAND_COMBAT'		),
		('UNIT_BARBARIAN_AUSTRALIA_WARRIOR', 'UNITTYPE_MELEE'			),
		('UNIT_BARBARIAN_BERSERKER', 'UNITAI_COMBAT'					),
		('UNIT_BARBARIAN_BERSERKER', 'UNITAI_EXPLORE'					),
		('UNIT_BARBARIAN_BERSERKER', 'UNITTYPE_LAND_COMBAT'				),
		('UNIT_BARBARIAN_BERSERKER', 'UNITTYPE_MELEE'					),
		('UNIT_BARBARIAN_BLACK_ARMY', 'UNITAI_COMBAT'					),
		('UNIT_BARBARIAN_BLACK_ARMY', 'UNITAI_EXPLORE'					),
		('UNIT_BARBARIAN_BLACK_ARMY', 'UNITTYPE_CAVALRY'				),
		('UNIT_BARBARIAN_BLACK_ARMY', 'UNITTYPE_MELEE'					),
		('UNIT_BARBARIAN_BLACK_ARMY', 'UNITTYPE_LAND_COMBAT'			),
		('UNIT_BARBARIAN_CATAPHRACT', 'UNITAI_COMBAT'					),
		('UNIT_BARBARIAN_CATAPHRACT', 'UNITTYPE_CAVALRY'				),
		('UNIT_BARBARIAN_CATAPHRACT', 'UNITTYPE_LAND_COMBAT'			),
		('UNIT_BARBARIAN_CATAPHRACT', 'UNITTYPE_MELEE'					),
		('UNIT_BARBARIAN_CHARIOT', 'UNITAI_COMBAT'						),
		('UNIT_BARBARIAN_CHARIOT', 'UNITTYPE_MELEE'						),
		('UNIT_BARBARIAN_CHARIOT', 'UNITTYPE_CAVALRY'					),
		('UNIT_BARBARIAN_CHARIOT', 'UNITTYPE_LAND_COMBAT'				),
		('UNIT_BARBARIAN_CONQUISTADOR', 'UNITAI_COMBAT'					),
		('UNIT_BARBARIAN_CONQUISTADOR', 'UNITAI_EXPLORE'				),
		('UNIT_BARBARIAN_CONQUISTADOR', 'UNITTYPE_LAND_COMBAT'			),
		('UNIT_BARBARIAN_CONQUISTADOR', 'UNITTYPE_MELEE'				),
		('UNIT_BARBARIAN_CORSAIR', 	'UNITAI_COMBAT'						),
		('UNIT_BARBARIAN_CORSAIR', 'UNITTYPE_RANGED'					),
		('UNIT_BARBARIAN_CORSAIR', 'UNITTYPE_NAVAL'						),
		('UNIT_BARBARIAN_COSSACK', 'UNITAI_COMBAT'						),
		('UNIT_BARBARIAN_COSSACK', 'UNITAI_EXPLORE'						),
		('UNIT_BARBARIAN_COSSACK', 'UNITTYPE_CAVALRY'					),
		('UNIT_BARBARIAN_COSSACK', 'UNITTYPE_LAND_COMBAT'				),
		('UNIT_BARBARIAN_COSSACK', 'UNITTYPE_MELEE'						),
		('UNIT_BARBARIAN_DOG_SOLDIER', 'UNITAI_EXPLORE'					),
		('UNIT_BARBARIAN_DOG_SOLDIER', 'UNITAI_COMBAT'					),
		('UNIT_BARBARIAN_DOG_SOLDIER', 'UNITTYPE_MELEE'					),
		('UNIT_BARBARIAN_DOG_SOLDIER', 'UNITTYPE_LAND_COMBAT'			),
		('UNIT_BARBARIAN_DOMREY', 'UNITAI_COMBAT'						),
		('UNIT_BARBARIAN_DOMREY', 'UNITTYPE_RANGED'						),
		('UNIT_BARBARIAN_DOMREY', 'UNITTYPE_SIEGE'						),
		('UNIT_BARBARIAN_DOMREY', 'UNITTYPE_LAND_COMBAT'				),
		('UNIT_BARBARIAN_EAGLE_WARRIOR', 'UNITAI_COMBAT'				),
		('UNIT_BARBARIAN_EAGLE_WARRIOR', 'UNITAI_EXPLORE'				),
		('UNIT_BARBARIAN_EAGLE_WARRIOR', 'UNITTYPE_LAND_COMBAT'			),
		('UNIT_BARBARIAN_EAGLE_WARRIOR', 'UNITTYPE_MELEE'				),
		('UNIT_BARBARIAN_GAESATAE', 'UNITAI_COMBAT'						),
		('UNIT_BARBARIAN_GAESATAE', 'UNITAI_EXPLORE'					),
		('UNIT_BARBARIAN_GAESATAE', 'UNITTYPE_LAND_COMBAT'				),
		('UNIT_BARBARIAN_GAESATAE', 'UNITTYPE_MELEE'					),
		('UNIT_BARBARIAN_HIGHLANDER', 'UNITAI_COMBAT'					),
		('UNIT_BARBARIAN_HIGHLANDER', 'UNITAI_EXPLORE'					),
		('UNIT_BARBARIAN_HIGHLANDER', 'UNITTYPE_RANGED'					),
		('UNIT_BARBARIAN_HIGHLANDER', 'UNITTYPE_LAND_COMBAT'			),
		('UNIT_BARBARIAN_HOPLITE', 'UNITAI_COMBAT'						),
		('UNIT_BARBARIAN_HOPLITE', 'UNITAI_EXPLORE'						),
		('UNIT_BARBARIAN_HOPLITE', 'UNITTYPE_LAND_COMBAT'				),
		('UNIT_BARBARIAN_HOPLITE', 'UNITTYPE_MELEE'						),
		('UNIT_BARBARIAN_HULCHE', 'UNITAI_COMBAT'						),
		('UNIT_BARBARIAN_HULCHE', 'UNITAI_EXPLORE'						),
		('UNIT_BARBARIAN_HULCHE', 'UNITTYPE_RANGED'						),
		('UNIT_BARBARIAN_HULCHE', 'UNITTYPE_LAND_COMBAT'				),
		('UNIT_BARBARIAN_IMMORTAL', 'UNITAI_COMBAT'						),
		('UNIT_BARBARIAN_IMMORTAL', 'UNITTYPE_RANGED'					),
		('UNIT_BARBARIAN_IMMORTAL', 'UNITTYPE_LAND_COMBAT'				),
		('UNIT_BARBARIAN_IMMORTAL', 'UNITTYPE_MELEE'					),
		('UNIT_BARBARIAN_IMPI', 'UNITAI_COMBAT'							),
		('UNIT_BARBARIAN_IMPI', 'UNITAI_EXPLORE'						),
		('UNIT_BARBARIAN_IMPI', 'UNITTYPE_MELEE'						),
		('UNIT_BARBARIAN_IMPI', 'UNITTYPE_LAND_COMBAT'					),
		('UNIT_BARBARIAN_JANISSARY', 'UNITAI_COMBAT'					),
		('UNIT_BARBARIAN_JANISSARY', 'UNITAI_EXPLORE'					),
		('UNIT_BARBARIAN_JANISSARY', 'UNITTYPE_MELEE'					),
		('UNIT_BARBARIAN_JANISSARY', 'UNITTYPE_LAND_COMBAT'				),
		('UNIT_BARBARIAN_KESHIG', 'UNITAI_COMBAT'						),
		('UNIT_BARBARIAN_KESHIG', 'UNITAI_EXPLORE'						),
		('UNIT_BARBARIAN_KESHIG', 'UNITTYPE_RANGED'						),
		('UNIT_BARBARIAN_KESHIG', 'UNITTYPE_LAND_COMBAT'				),
		('UNIT_BARBARIAN_KESHIG', 'UNITTYPE_MELEE'						),
		('UNIT_BARBARIAN_KHEVSURETI', 'UNITAI_COMBAT'					),
		('UNIT_BARBARIAN_KHEVSURETI', 'UNITAI_EXPLORE'					),
		('UNIT_BARBARIAN_KHEVSURETI', 'UNITTYPE_MELEE'					),
		('UNIT_BARBARIAN_KHEVSURETI', 'UNITTYPE_LAND_COMBAT'			),
		('UNIT_BARBARIAN_LLANERO', 'UNITAI_COMBAT'						),
		('UNIT_BARBARIAN_LLANERO', 'UNITTYPE_MELEE'						),
		('UNIT_BARBARIAN_LLANERO', 'UNITTYPE_CAVALRY'					),
		('UNIT_BARBARIAN_LLANERO', 'UNITTYPE_LAND_COMBAT'				),
		('UNIT_BARBARIAN_LONGSHIP', 	'UNITAI_COMBAT'					),
		('UNIT_BARBARIAN_LONGSHIP', 'UNITAI_EXPLORE'					),
		('UNIT_BARBARIAN_LONGSHIP', 'UNITTYPE_MELEE'					),
		('UNIT_BARBARIAN_LONGSHIP', 'UNITTYPE_NAVAL'					),
		('UNIT_BARBARIAN_MALON_RAIDER', 'UNITAI_COMBAT'					),
		('UNIT_BARBARIAN_MALON_RAIDER', 'UNITTYPE_CAVALRY'				),
		('UNIT_BARBARIAN_MALON_RAIDER', 'UNITTYPE_LAND_COMBAT'			),
		('UNIT_BARBARIAN_MALON_RAIDER', 'UNITTYPE_MELEE'				),
		('UNIT_BARBARIAN_MAMLUK', 'UNITAI_COMBAT'						),
		('UNIT_BARBARIAN_MAMLUK', 'UNITTYPE_CAVALRY'					),
		('UNIT_BARBARIAN_MAMLUK', 'UNITTYPE_LAND_COMBAT'				),
		('UNIT_BARBARIAN_MAMLUK', 'UNITTYPE_MELEE'						),
		('UNIT_BARBARIAN_MANDEKALU', 'UNITAI_COMBAT'					),
		('UNIT_BARBARIAN_MANDEKALU', 'UNITTYPE_CAVALRY'					),
		('UNIT_BARBARIAN_MANDEKALU', 'UNITTYPE_LAND_COMBAT'				),
		('UNIT_BARBARIAN_MANDEKALU', 'UNITTYPE_MELEE'					),
		('UNIT_BARBARIAN_MEDJAY', 'UNITAI_COMBAT'						),
		('UNIT_BARBARIAN_MEDJAY', 'UNITAI_EXPLORE'						),
		('UNIT_BARBARIAN_MEDJAY', 'UNITTYPE_LAND_COMBAT'				),
		('UNIT_BARBARIAN_MEDJAY', 'UNITTYPE_MELEE'						),
		('UNIT_BARBARIAN_NORTHAM_HORSEMAN', 'UNITAI_COMBAT'				),
		('UNIT_BARBARIAN_NORTHAM_HORSEMAN', 'UNITTYPE_CAVALRY'			),
		('UNIT_BARBARIAN_NORTHAM_HORSEMAN', 'UNITTYPE_LAND_COMBAT'		),
		('UNIT_BARBARIAN_NORTHAM_HORSEMAN', 'UNITTYPE_MELEE'			),
		('UNIT_BARBARIAN_OKIHTCITAW', 'UNITAI_EXPLORE'					),
		('UNIT_BARBARIAN_OKIHTCITAW', 'UNITTYPE_LAND_COMBAT'			),
		('UNIT_BARBARIAN_OROMO_CAVALRY', 'UNITAI_COMBAT'				),
		('UNIT_BARBARIAN_OROMO_CAVALRY', 'UNITAI_EXPLORE'				),
		('UNIT_BARBARIAN_OROMO_CAVALRY', 'UNITTYPE_CAVALRY'				),
		('UNIT_BARBARIAN_OROMO_CAVALRY', 'UNITTYPE_MELEE'				),
		('UNIT_BARBARIAN_OROMO_CAVALRY', 'UNITTYPE_LAND_COMBAT'			),
		('UNIT_BARBARIAN_PITATI', 'UNITAI_COMBAT'						),
		('UNIT_BARBARIAN_PITATI', 'UNITTYPE_RANGED'						),
		('UNIT_BARBARIAN_PITATI', 'UNITTYPE_LAND_COMBAT'				),
		('UNIT_BARBARIAN_PRIVATEER', 'UNITAI_COMBAT'					),
		('UNIT_BARBARIAN_PRIVATEER', 'UNITTYPE_RANGED'					),
		('UNIT_BARBARIAN_PRIVATEER', 'UNITTYPE_NAVAL'					),
		('UNIT_BARBARIAN_ROUGH_RIDER', 'UNITAI_COMBAT'					),
		('UNIT_BARBARIAN_ROUGH_RIDER', 'UNITAI_EXPLORE'					),
		('UNIT_BARBARIAN_ROUGH_RIDER', 'UNITTYPE_CAVALRY'				),
		('UNIT_BARBARIAN_ROUGH_RIDER', 'UNITTYPE_LAND_COMBAT'			),
		('UNIT_BARBARIAN_ROUGH_RIDER', 'UNITTYPE_MELEE'					),
		('UNIT_BARBARIAN_SAMURAI', 'UNITAI_COMBAT'						),
		('UNIT_BARBARIAN_SAMURAI', 'UNITAI_EXPLORE'						),
		('UNIT_BARBARIAN_SAMURAI', 'UNITTYPE_LAND_COMBAT'				),
		('UNIT_BARBARIAN_SAMURAI', 'UNITTYPE_MELEE'						),
		('UNIT_BARBARIAN_SCYTHIAN_HORSE_ARCHER', 'UNITAI_COMBAT'		),
		('UNIT_BARBARIAN_SCYTHIAN_HORSE_ARCHER', 'UNITAI_EXPLORE'		),
		('UNIT_BARBARIAN_SCYTHIAN_HORSE_ARCHER', 'UNITTYPE_RANGED'		),
		('UNIT_BARBARIAN_SCYTHIAN_HORSE_ARCHER', 'UNITTYPE_LAND_COMBAT'	),
		('UNIT_BARBARIAN_SCYTHIAN_HORSE_ARCHER', 'UNITTYPE_CAVALRY'		),
		('UNIT_BARBARIAN_SHIELD_BEARER', 'UNITAI_COMBAT'				),
		('UNIT_BARBARIAN_SHIELD_BEARER', 'UNITAI_EXPLORE'				),
		('UNIT_BARBARIAN_SHIELD_BEARER', 'UNITTYPE_LAND_COMBAT'			),
		('UNIT_BARBARIAN_SHIELD_BEARER', 'UNITTYPE_MELEE'				),
		('UNIT_BARBARIAN_SOUTHAM_WARRIOR', 'UNITAI_COMBAT'				),
		('UNIT_BARBARIAN_SOUTHAM_WARRIOR', 'UNITAI_EXPLORE'				),
		('UNIT_BARBARIAN_SOUTHAM_WARRIOR', 'UNITTYPE_LAND_COMBAT'		),
		('UNIT_BARBARIAN_SOUTHAM_WARRIOR', 'UNITTYPE_MELEE'				),
		('UNIT_BARBARIAN_TOA', 'UNITAI_COMBAT'							),
		('UNIT_BARBARIAN_TOA', 'UNITAI_EXPLORE'							),
		('UNIT_BARBARIAN_TOA', 'UNITTYPE_LAND_COMBAT'					),
		('UNIT_BARBARIAN_TOA', 'UNITTYPE_MELEE'							),
		('UNIT_BARBARIAN_VARU', 'UNITAI_COMBAT'							),
		('UNIT_BARBARIAN_VARU', 'UNITTYPE_LAND_COMBAT'					),
		('UNIT_BARBARIAN_VARU', 'UNITTYPE_MELEE'						),
		('UNIT_BARBARIAN_VOI_CHIEN', 'UNITAI_COMBAT'					),
		('UNIT_BARBARIAN_VOI_CHIEN', 'UNITTYPE_LAND_COMBAT'				),
		('UNIT_BARBARIAN_VOI_CHIEN', 'UNITTYPE_RANGED'					),
		('UNIT_BARBARIAN_WARAKAQ', 'UNITAI_EXPLORE'						),
		('UNIT_BARBARIAN_WARAKAQ', 'UNITTYPE_RANGED'					),
		('UNIT_BARBARIAN_WARAKAQ', 'UNITTYPE_LAND_COMBAT'				);

INSERT OR REPLACE INTO Units (UnitType, BaseMoves, Cost, AdvisorType, BaseSightRange, ZoneOfControl, Domain, FormationClass, Name, Description, PurchaseYield, PromotionClass, Maintenance, Combat, TraitType, PrereqTech, MandatoryObsoleteTech)
SELECT Type, '2', '40', 'ADVISOR_CONQUEST', '2', 1, 'DOMAIN_LAND', 'FORMATION_CLASS_LAND_COMBAT', 'LOC_UNIT_WARRIOR_NAME', 'LOC_UNIT_WARRIOR_DESCRIPTION', 'YIELD_GOLD', 'PROMOTION_CLASS_MELEE', '0', '20', 'TRAIT_BARBARIAN', NULL, 'TECH_RIFLING'
FROM   Types WHERE Type = 'UNIT_BARBARIAN_AFRICA_WARRIOR';

INSERT OR REPLACE INTO Units (UnitType, BaseMoves, Cost, AdvisorType, BaseSightRange, ZoneOfControl, Domain, FormationClass, Name, Description, PurchaseYield, PromotionClass, Maintenance, Combat, TraitType, PrereqTech, MandatoryObsoleteTech)
SELECT Type, '2', '40', 'ADVISOR_CONQUEST', '2', 1, 'DOMAIN_LAND', 'FORMATION_CLASS_LAND_COMBAT', 'LOC_UNIT_WARRIOR_NAME', 'LOC_UNIT_WARRIOR_DESCRIPTION', 'YIELD_GOLD', 'PROMOTION_CLASS_MELEE', '0', '20', 'TRAIT_BARBARIAN', NULL, 'TECH_RIFLING'
FROM   Types WHERE Type = 'UNIT_BARBARIAN_ASIA_WARRIOR';

INSERT OR REPLACE INTO Units (UnitType, BaseMoves, Cost, AdvisorType, BaseSightRange, ZoneOfControl, Domain, FormationClass, Name, Description, PurchaseYield, PromotionClass, Maintenance, Combat, TraitType, PrereqTech, MandatoryObsoleteTech)
SELECT Type, '2', '90', 'ADVISOR_CONQUEST', '2', 1, 'DOMAIN_LAND', 'FORMATION_CLASS_LAND_COMBAT', 'LOC_UNIT_SWORDSMAN_NAME', 'LOC_UNIT_SWORDSMAN_DESCRIPTION', 'YIELD_GOLD', 'PROMOTION_CLASS_MELEE', '0', '35', 'TRAIT_BARBARIAN', 'TECH_IRON_WORKING', 'TECH_RIFLING'
FROM   Types WHERE Type = 'UNIT_BARBARIAN_ASIA_SWORDSMAN';

INSERT OR REPLACE INTO Units (UnitType, BaseMoves, Cost, AdvisorType, BaseSightRange, ZoneOfControl, Domain, FormationClass, Name, Description, PurchaseYield, PromotionClass, Maintenance, Combat, TraitType, PrereqTech, MandatoryObsoleteTech)
SELECT Type, '3', '120', 'ADVISOR_CONQUEST', '2', 1, 'DOMAIN_LAND', 'FORMATION_CLASS_LAND_COMBAT', 'LOC_UNIT_WARRIOR_NAME', 'LOC_UNIT_WARRIOR_DESCRIPTION', 'YIELD_GOLD', 'PROMOTION_CLASS_MELEE', '0', '36', 'TRAIT_BARBARIAN', NULL, 'TECH_RIFLING'
FROM   Types WHERE Type = 'UNIT_BARBARIAN_AUSTRALIA_WARRIOR';

INSERT OR REPLACE INTO Units (UnitType, BaseMoves, Cost, AdvisorType, BaseSightRange, ZoneOfControl, Domain, FormationClass, Name, Description, PurchaseYield, PromotionClass, Maintenance, Combat, TraitType, PrereqTech, MandatoryObsoleteTech)
SELECT Type, '2', '160', 'ADVISOR_CONQUEST', '2', 1, 'DOMAIN_LAND', 'FORMATION_CLASS_LAND_COMBAT', 'LOC_UNIT_BARBARIAN_BERSERKER_NAME', 'LOC_UNIT_BARBARIAN_BERSERKER_DESCRIPTION', 'YIELD_GOLD', 'PROMOTION_CLASS_MELEE', '0', '45', 'TRAIT_BARBARIAN_BUT_SHOWS_UP_IN_PEDIA', 'TECH_IRON_WORKING', 'TECH_REPLACEABLE_PARTS'
FROM   Types WHERE Type = 'UNIT_BARBARIAN_BERSERKER';	

INSERT OR REPLACE INTO Units (UnitType, BaseMoves, Cost, AdvisorType, BaseSightRange, ZoneOfControl, Domain, FormationClass, Name, Description, PurchaseYield, PromotionClass, Maintenance, Combat, TraitType, PrereqTech, MandatoryObsoleteTech)
SELECT Type, '5', '205', 'ADVISOR_CONQUEST', '2', 1, 'DOMAIN_LAND', 'FORMATION_CLASS_LAND_COMBAT', 'LOC_UNIT_BARBARIAN_BLACK_ARMY_NAME', 'LOC_UNIT_BARBARIAN_BLACK_ARMY_DESCRIPTION', 'YIELD_GOLD', 'PROMOTION_CLASS_LIGHT_CAVALRY', '0', '46', 'TRAIT_BARBARIAN_BUT_SHOWS_UP_IN_PEDIA', 'TECH_CASTLES', 'TECH_SYNTHETIC_MATERIALS'
FROM   Types WHERE Type = 'UNIT_BARBARIAN_BLACK_ARMY';

INSERT INTO Units (UnitType, BaseMoves, Cost, AdvisorType, BaseSightRange, ZoneOfControl, Domain, FormationClass, Name, Description, PurchaseYield, PromotionClass, Maintenance, Combat, TraitType, PrereqTech, MandatoryObsoleteTech)
SELECT Type, '4', '220', 'ADVISOR_CONQUEST', '2', 1, 'DOMAIN_LAND', 'FORMATION_CLASS_LAND_COMBAT', 'LOC_UNIT_BARBARIAN_CATAPHRACT_NAME', 'LOC_UNIT_BARBARIAN_CATAPHRACT_DESCRIPTION', 'YIELD_GOLD', 'PROMOTION_CLASS_HEAVY_CAVALRY', '0', '50', 'TRAIT_BARBARIAN_BUT_SHOWS_UP_IN_PEDIA', 'TECH_HORSEBACK_RIDING', NULL
FROM   Types WHERE Type = 'UNIT_BARBARIAN_CATAPHRACT';	

INSERT OR REPLACE INTO Units (UnitType, BaseMoves, Cost, AdvisorType, BaseSightRange, ZoneOfControl, Domain, FormationClass, Name, Description, PurchaseYield, PromotionClass, Maintenance, Combat, TraitType, PrereqTech, MandatoryObsoleteTech)
SELECT Type, '2', '65', 'ADVISOR_CONQUEST', '2', 1, 'DOMAIN_LAND', 'FORMATION_CLASS_LAND_COMBAT', 'LOC_UNIT_HEAVY_CHARIOT_NAME', 'LOC_UNIT_HEAVY_CHARIOT_DESCRIPTION', 'YIELD_GOLD', 'PROMOTION_CLASS_HEAVY_CAVALRY', '0', '28', 'TRAIT_BARBARIAN', NULL, 'TECH_COMBUSTION'
FROM   Types WHERE Type = 'UNIT_BARBARIAN_CHARIOT';

INSERT OR REPLACE INTO Units (UnitType, BaseMoves, Cost, AdvisorType, BaseSightRange, ZoneOfControl, Domain, FormationClass, Name, Description, PurchaseYield, PromotionClass, Maintenance, Combat, TraitType, PrereqTech, MandatoryObsoleteTech)
SELECT Type, '2', '250', 'ADVISOR_CONQUEST', '2', 1, 'DOMAIN_LAND', 'FORMATION_CLASS_LAND_COMBAT', 'LOC_UNIT_BARBARIAN_CONQUISTADOR_NAME', 'LOC_UNIT_BARBARIAN_CONQUISTADOR_DESCRIPTION', 'YIELD_GOLD', 'PROMOTION_CLASS_MELEE', '0', '54', 'TRAIT_BARBARIAN_BUT_SHOWS_UP_IN_PEDIA', 'TECH_CARTOGRAPHY', 'TECH_ADVANCED_BALLISTICS'
FROM   Types WHERE Type = 'UNIT_BARBARIAN_CONQUISTADOR';

INSERT OR REPLACE INTO Units (UnitType, BaseMoves, Cost, AdvisorType, BaseSightRange, ZoneOfControl, Domain, FormationClass, Name, Description, PurchaseYield, PromotionClass, Maintenance, Combat, TraitType, Range, RangedCombat, PrereqTech, MandatoryObsoleteTech)
SELECT Type, '4', '240', 'ADVISOR_CONQUEST', '2', 1, 'DOMAIN_SEA', 'FORMATION_CLASS_NAVAL', 'LOC_UNIT_BARBARIAN_CORSAIR_NAME', 'LOC_UNIT_BARBARIAN_CORSAIR_DESCRIPTION', 'YIELD_GOLD', 'PROMOTION_CLASS_NAVAL_RAIDER', '0', '40', 'TRAIT_BARBARIAN_BUT_SHOWS_UP_IN_PEDIA', '2', '50', 'TECH_CARTOGRAPHY', 'TECH_ELECTRICITY'
FROM   Types WHERE Type = 'UNIT_BARBARIAN_CORSAIR';

INSERT OR REPLACE INTO Units (UnitType, BaseMoves, Cost, AdvisorType, BaseSightRange, ZoneOfControl, Domain, FormationClass, Name, Description, PurchaseYield, PromotionClass, Maintenance, Combat, TraitType, PrereqTech, MandatoryObsoleteTech)
SELECT Type, '5', '340', 'ADVISOR_CONQUEST', '2', 1, 'DOMAIN_LAND', 'FORMATION_CLASS_LAND_COMBAT', 'LOC_UNIT_BARBARIAN_COSSACK_NAME', 'LOC_UNIT_BARBARIAN_COSSACK_DESCRIPTION', 'YIELD_GOLD', 'PROMOTION_CLASS_LIGHT_CAVALRY', '0', '62', 'TRAIT_BARBARIAN_BUT_SHOWS_UP_IN_PEDIA', 'TECH_MILITARY_SCIENCE', NULL
FROM   Types WHERE Type = 'UNIT_BARBARIAN_COSSACK';	

INSERT OR REPLACE INTO Units (UnitType, BaseMoves, Cost, AdvisorType, BaseSightRange, ZoneOfControl, Domain, FormationClass, Name, Description, PurchaseYield, PromotionClass, Maintenance, Combat, TraitType, PrereqTech, MandatoryObsoleteTech)
SELECT Type, '3', '150', 'ADVISOR_CONQUEST', '2', 1, 'DOMAIN_LAND', 'FORMATION_CLASS_LAND_COMBAT', 'LOC_UNIT_BARBARIAN_DOG_SOLDIER_NAME', 'LOC_UNIT_BARBARIAN_DOG_SOLDIER_DESCRIPTION', 'YIELD_GOLD', 'PROMOTION_CLASS_RECON', '0', '20', 'TRAIT_BARBARIAN_BUT_SHOWS_UP_IN_PEDIA', 'TECH_MACHINERY', NULL
FROM   Types WHERE Type = 'UNIT_BARBARIAN_DOG_SOLDIER';
		
INSERT OR REPLACE INTO Units (UnitType, BaseMoves, Cost, AdvisorType, BaseSightRange, ZoneOfControl, Domain, FormationClass, Name, Description, PurchaseYield, PromotionClass, Maintenance, Combat, Range, Bombard, TraitType, PrereqTech, MandatoryObsoleteTech)
SELECT Type, '2', '200', 'ADVISOR_CONQUEST', '2', 1, 'DOMAIN_LAND', 'FORMATION_CLASS_LAND_COMBAT', 'LOC_UNIT_BARBARIAN_DOMREY_NAME', 'LOC_UNIT_BARBARIAN_DOMREY_DESCRIPTION', 'YIELD_GOLD', 'PROMOTION_CLASS_SIEGE', '0', '40', '2', '50', 'TRAIT_BARBARIAN_BUT_SHOWS_UP_IN_PEDIA', 'TECH_MACHINERY', 'TECH_GUIDANCE_SYSTEMS'
FROM   Types WHERE Type = 'UNIT_BARBARIAN_DOMREY';		

INSERT OR REPLACE INTO Units (UnitType, BaseMoves, Cost, AdvisorType, BaseSightRange, ZoneOfControl, Domain, FormationClass, Name, Description, PurchaseYield, PromotionClass, Maintenance, Combat, TraitType, PrereqTech, MandatoryObsoleteTech)
SELECT Type, '2', '65', 'ADVISOR_CONQUEST', '2', 1, 'DOMAIN_LAND', 'FORMATION_CLASS_LAND_COMBAT', 'LOC_UNIT_BARBARIAN_EAGLE_WARRIOR_NAME', 'LOC_UNIT_BARBARIAN_EAGLE_WARRIOR_DESCRIPTION', 'YIELD_GOLD', 'PROMOTION_CLASS_MELEE', '0', '24', 'TRAIT_BARBARIAN_BUT_SHOWS_UP_IN_PEDIA', NULL, 'TECH_CARTOGRAPHY'
FROM   Types WHERE Type = 'UNIT_BARBARIAN_EAGLE_WARRIOR';

INSERT OR REPLACE INTO Units (UnitType, BaseMoves, Cost, AdvisorType, BaseSightRange, ZoneOfControl, Domain, FormationClass, Name, Description, PurchaseYield, PromotionClass, Maintenance, Combat, TraitType, PrereqTech, MandatoryObsoleteTech)
SELECT Type, '2', '60', 'ADVISOR_CONQUEST', '2', 1, 'DOMAIN_LAND', 'FORMATION_CLASS_LAND_COMBAT', 'LOC_UNIT_BARBARIAN_GAESATAE_NAME', 'LOC_UNIT_BARBARIAN_GAESATAE_DESCRIPTION', 'YIELD_GOLD', 'PROMOTION_CLASS_MELEE', '0', '20', 'TRAIT_BARBARIAN_BUT_SHOWS_UP_IN_PEDIA', NULL, 'TECH_REPLACEABLE_PARTS'
FROM   Types WHERE Type = 'UNIT_BARBARIAN_GAESATAE';

INSERT OR REPLACE INTO Units (UnitType, BaseMoves, Cost, AdvisorType, BaseSightRange, ZoneOfControl, Domain, FormationClass, Name, Description, PurchaseYield, PromotionClass, Maintenance, Combat, TraitType, Range, RangedCombat, PrereqTech)
SELECT Type, '3', '380', 'ADVISOR_CONQUEST', '2', 1, 'DOMAIN_LAND', 'FORMATION_CLASS_LAND_COMBAT', 'LOC_UNIT_BARBARIAN_HIGHLANDER_NAME', 'LOC_UNIT_BARBARIAN_HIGHLANDER_DESCRIPTION', 'YIELD_GOLD', 'PROMOTION_CLASS_RECON', '0', '50', 'TRAIT_BARBARIAN_BUT_SHOWS_UP_IN_PEDIA', '1', '65', 'TECH_RIFLING'
FROM   Types WHERE Type = 'UNIT_BARBARIAN_HIGHLANDER';	

INSERT OR REPLACE INTO Units (UnitType, BaseMoves, Cost, AdvisorType, BaseSightRange, ZoneOfControl, Domain, FormationClass, Name, Description, PurchaseYield, PromotionClass, Maintenance, Combat, TraitType, PrereqTech, MandatoryObsoleteTech)
SELECT Type, '2', '65', 'ADVISOR_CONQUEST', '2', 1, 'DOMAIN_LAND', 'FORMATION_CLASS_LAND_COMBAT', 'LOC_UNIT_BARBARIAN_HOPLITE_NAME', 'LOC_UNIT_BARBARIAN_HOPLITE_DESCRIPTION', 'YIELD_GOLD', 'PROMOTION_CLASS_ANTI_CAVALRY', '2', '28', 'TRAIT_BARBARIAN_BUT_SHOWS_UP_IN_PEDIA', 'TECH_BRONZE_WORKING', 'TECH_METAL_CASTING'
FROM   Types WHERE Type = 'UNIT_BARBARIAN_HOPLITE';	

INSERT OR REPLACE INTO Units (UnitType, BaseMoves, Cost, AdvisorType, BaseSightRange, ZoneOfControl, Domain, FormationClass, Name, Description, PurchaseYield, PromotionClass, Maintenance, Combat, TraitType, Range, RangedCombat, PrereqTech)
SELECT Type, '2', '60', 'ADVISOR_CONQUEST', '2', 1, 'DOMAIN_LAND', 'FORMATION_CLASS_LAND_COMBAT', 'LOC_UNIT_BARBARIAN_HULCHE_NAME', 'LOC_UNIT_BARBARIAN_HULCHE_DESCRIPTION', 'YIELD_GOLD', 'PROMOTION_CLASS_RANGED', '0', '15', 'TRAIT_BARBARIAN_BUT_SHOWS_UP_IN_PEDIA', '2', '25', NULL
FROM   Types WHERE Type = 'UNIT_BARBARIAN_HULCHE';	

INSERT OR REPLACE INTO Units (UnitType, BaseMoves, Cost, AdvisorType, BaseSightRange, ZoneOfControl, Domain, FormationClass, Name, Description, PurchaseYield, PromotionClass, Maintenance, Combat, TraitType, Range, RangedCombat, PrereqTech, MandatoryObsoleteTech)
SELECT Type, '2', '100', 'ADVISOR_CONQUEST', '2', 1, 'DOMAIN_LAND', 'FORMATION_CLASS_LAND_COMBAT', 'LOC_UNIT_BARBARIAN_IMMORTAL_NAME', 'LOC_UNIT_BARBARIAN_IMMORTAL_DESCRIPTION', 'YIELD_GOLD', 'PROMOTION_CLASS_MELEE', '0', '35', 'TRAIT_BARBARIAN_BUT_SHOWS_UP_IN_PEDIA', '2', '25', 'TECH_IRON_WORKING', 'TECH_COMPOSITES'
FROM   Types WHERE Type = 'UNIT_BARBARIAN_IMMORTAL';

INSERT OR REPLACE INTO Units (UnitType, BaseMoves, Cost, AdvisorType, BaseSightRange, ZoneOfControl, Domain, FormationClass, Name, Description, PurchaseYield, PromotionClass, Maintenance, Combat, TraitType, PrereqTech, MandatoryObsoleteTech)
SELECT Type, '2', '125', 'ADVISOR_CONQUEST', '2', 1, 'DOMAIN_LAND', 'FORMATION_CLASS_LAND_COMBAT', 'LOC_UNIT_BARBARIAN_IMPI_NAME', 'LOC_UNIT_BARBARIAN_IMPI_DESCRIPTION', 'YIELD_GOLD', 'PROMOTION_CLASS_ANTI_CAVALRY', '0', '45', 'TRAIT_BARBARIAN_BUT_SHOWS_UP_IN_PEDIA', NULL, 'TECH_COMPOSITES'
FROM   Types WHERE Type = 'UNIT_BARBARIAN_IMPI';

INSERT OR REPLACE INTO Units (UnitType, BaseMoves, Cost, AdvisorType, BaseSightRange, ZoneOfControl, Domain, FormationClass, Name, Description, PurchaseYield, PromotionClass, Maintenance, Combat, TraitType, PrereqTech, MandatoryObsoleteTech)
SELECT Type, '2', '120', 'ADVISOR_CONQUEST', '2', 1, 'DOMAIN_LAND', 'FORMATION_CLASS_LAND_COMBAT', 'LOC_UNIT_BARBARIAN_JANISSARY_NAME', 'LOC_UNIT_BARBARIAN_JANISSARY_DESCRIPTION', 'YIELD_GOLD', 'PROMOTION_CLASS_MELEE', '0', '55', 'TRAIT_BARBARIAN_BUT_SHOWS_UP_IN_PEDIA', 'TECH_GUNPOWDER', 'TECH_ADVANCED_BALLISTICS'
FROM   Types WHERE Type = 'UNIT_BARBARIAN_JANISSARY';

INSERT INTO Units (UnitType, BaseMoves, Cost, AdvisorType, BaseSightRange, ZoneOfControl, Domain, FormationClass, Name, Description, PurchaseYield, PromotionClass, Maintenance, Combat, TraitType, Range, RangedCombat, PrereqTech, MandatoryObsoleteTech)
SELECT Type, '4', '160', 'ADVISOR_CONQUEST', '2', 1, 'DOMAIN_LAND', 'FORMATION_CLASS_LAND_COMBAT', 'LOC_UNIT_BARBARIAN_KESHIG_NAME', 'LOC_UNIT_BARBARIAN_KESHIG_DESCRIPTION', 'YIELD_GOLD', 'PROMOTION_CLASS_RANGED', '3', '35', 'TRAIT_BARBARIAN_BUT_SHOWS_UP_IN_PEDIA', '2', '45', 'TECH_STIRRUPS', 'TECH_COMPOSITES'
FROM   Types WHERE Type = 'UNIT_BARBARIAN_KESHIG';	

INSERT OR REPLACE INTO Units (UnitType, BaseMoves, Cost, AdvisorType, BaseSightRange, ZoneOfControl, Domain, FormationClass, Name, Description, PurchaseYield, PromotionClass, Maintenance, Combat, TraitType, PrereqTech, MandatoryObsoleteTech)
SELECT Type, '2', '160', 'ADVISOR_CONQUEST', '2', 1, 'DOMAIN_LAND', 'FORMATION_CLASS_LAND_COMBAT', 'LOC_UNIT_BARBARIAN_KHEVSURETI_NAME', 'LOC_UNIT_BARBARIAN_KHEVSURETI_DESCRIPTION', 'YIELD_GOLD', 'PROMOTION_CLASS_MELEE', '4', '44', 'TRAIT_BARBARIAN_BUT_SHOWS_UP_IN_PEDIA', 'TECH_MILITARY_TACTICS', 'TECH_REPLACEABLE_PARTS'
FROM   Types WHERE Type = 'UNIT_BARBARIAN_KHEVSURETI';	

INSERT OR REPLACE INTO Units (UnitType, BaseMoves, Cost, AdvisorType, BaseSightRange, ZoneOfControl, Domain, FormationClass, Name, Description, PurchaseYield, PromotionClass, Maintenance, Combat, TraitType, PrereqTech, MandatoryObsoleteTech)
SELECT Type, '3', '40', 'ADVISOR_CONQUEST', '2', 1, 'DOMAIN_LAND', 'FORMATION_CLASS_LAND_COMBAT', 'LOC_UNIT_BARBARIAN_LLANERO_NAME', 'LOC_UNIT_BARBARIAN_LLANERO_DESCRIPTION', 'YIELD_GOLD', 'PROMOTION_CLASS_LIGHT_CAVALRY', '0', '36', 'TRAIT_BARBARIAN_BUT_SHOWS_UP_IN_PEDIA', 'TECH_CARTOGRAPHY', NULL
FROM   Types WHERE Type = 'UNIT_BARBARIAN_LLANERO';

INSERT OR REPLACE INTO Units (UnitType, BaseMoves, Cost, AdvisorType, BaseSightRange, ZoneOfControl, Domain, FormationClass, Name, Description, PurchaseYield, PromotionClass, Maintenance, Combat, TraitType, PrereqTech, MandatoryObsoleteTech)
SELECT Type, '3', '65', 'ADVISOR_CONQUEST', '2', 1, 'DOMAIN_SEA', 'FORMATION_CLASS_NAVAL', 'LOC_UNIT_BARBARIAN_LONGSHIP_NAME', 'LOC_UNIT_BARBARIAN_LONGSHIP_DESCRIPTION', 'YIELD_GOLD', 'PROMOTION_CLASS_NAVAL_MELEE', '1', '35', 'TRAIT_BARBARIAN_BUT_SHOWS_UP_IN_PEDIA', 'TECH_SAILING', 'TECH_ELECTRICITY'
FROM   Types WHERE Type = 'UNIT_BARBARIAN_LONGSHIP';

INSERT OR REPLACE INTO Units (UnitType, BaseMoves, Cost, AdvisorType, BaseSightRange, ZoneOfControl, Domain, FormationClass, Name, Description, PurchaseYield, PromotionClass, Maintenance, Combat, TraitType, PrereqTech, MandatoryObsoleteTech)
SELECT Type, '3', '40', 'ADVISOR_CONQUEST', '2', 1, 'DOMAIN_LAND', 'FORMATION_CLASS_LAND_COMBAT', 'LOC_UNIT_HORSEMAN_NAME', 'LOC_UNIT_HORSEMAN_DESCRIPTION', 'YIELD_GOLD', 'PROMOTION_CLASS_LIGHT_CAVALRY', '0', '28', 'TRAIT_BARBARIAN', 'TECH_CARTOGRAPHY', NULL
FROM   Types WHERE Type = 'UNIT_BARBARIAN_MALON_RAIDER';

INSERT INTO Units (UnitType, BaseMoves, Cost, AdvisorType, BaseSightRange, ZoneOfControl, Domain, FormationClass, Name, Description, PurchaseYield, PromotionClass, Maintenance, Combat, TraitType, PrereqTech, MandatoryObsoleteTech)
SELECT Type, '4', '180', 'ADVISOR_CONQUEST', '2', 1, 'DOMAIN_LAND', 'FORMATION_CLASS_LAND_COMBAT', 'LOC_UNIT_BARBARIAN_MAMLUK_NAME', 'LOC_UNIT_BARBARIAN_MAMLUK_DESCRIPTION', 'YIELD_GOLD', 'PROMOTION_CLASS_HEAVY_CAVALRY', '4', '47', 'TRAIT_BARBARIAN_BUT_SHOWS_UP_IN_PEDIA', 'TECH_STIRRUPS', 'TECH_COMPOSITES'
FROM   Types WHERE Type = 'UNIT_BARBARIAN_MAMLUK';

INSERT INTO Units (UnitType, BaseMoves, Cost, AdvisorType, BaseSightRange, ZoneOfControl, Domain, FormationClass, Name, Description, PurchaseYield, PromotionClass, Maintenance, Combat, TraitType, PrereqTech, MandatoryObsoleteTech)
SELECT Type, '4', '220', 'ADVISOR_CONQUEST', '2', 1, 'DOMAIN_LAND', 'FORMATION_CLASS_LAND_COMBAT', 'LOC_UNIT_BARBARIAN_MANDEKALU_NAME', 'LOC_UNIT_BARBARIAN_MANDEKALU_DESCRIPTION', 'YIELD_GOLD', 'PROMOTION_CLASS_HEAVY_CAVALRY', '0', '50', 'TRAIT_BARBARIAN_BUT_SHOWS_UP_IN_PEDIA', 'TECH_HORSEBACK_RIDING', 'TECH_COMPOSITES'
FROM   Types WHERE Type = 'UNIT_BARBARIAN_MANDEKALU';	

INSERT OR REPLACE INTO Units (UnitType, BaseMoves, Cost, AdvisorType, BaseSightRange, ZoneOfControl, Domain, FormationClass, Name, Description, PurchaseYield, PromotionClass, Maintenance, Combat, TraitType, PrereqTech, MandatoryObsoleteTech)
SELECT Type, '2', '90', 'ADVISOR_CONQUEST', '2', 1, 'DOMAIN_LAND', 'FORMATION_CLASS_LAND_COMBAT', 'LOC_UNIT_BARBARIAN_MEDJAY_NAME', 'LOC_UNIT_BARBARIAN_MEDJAY_DESCRIPTION', 'YIELD_GOLD', 'PROMOTION_CLASS_MELEE', '0', '35', 'TRAIT_BARBARIAN_BUT_SHOWS_UP_IN_PEDIA', NULL, 'TECH_REPLACEABLE_PARTS'
FROM   Types WHERE Type = 'UNIT_BARBARIAN_MEDJAY';	

INSERT OR REPLACE INTO Units (UnitType, BaseMoves, Cost, AdvisorType, BaseSightRange, ZoneOfControl, Domain, FormationClass, Name, Description, PurchaseYield, PromotionClass, Maintenance, Combat, TraitType, PrereqTech, MandatoryObsoleteTech)
SELECT Type, '3', '40', 'ADVISOR_CONQUEST', '2', 1, 'DOMAIN_LAND', 'FORMATION_CLASS_LAND_COMBAT', 'LOC_UNIT_HORSEMAN_NAME', 'LOC_UNIT_HORSEMAN_DESCRIPTION', 'YIELD_GOLD', 'PROMOTION_CLASS_LIGHT_CAVALRY', '0', '28', 'TRAIT_BARBARIAN', 'TECH_CARTOGRAPHY', NULL
FROM   Types WHERE Type = 'UNIT_BARBARIAN_NORTHAM_HORSEMAN';

INSERT OR REPLACE INTO Units (UnitType, BaseMoves, Cost, AdvisorType, BaseSightRange, ZoneOfControl, Domain, FormationClass, Name, Description, PurchaseYield, PromotionClass, Maintenance, Combat, TraitType, PrereqTech, MandatoryObsoleteTech)
SELECT Type, '2', '40', 'ADVISOR_CONQUEST', '2', 1, 'DOMAIN_LAND', 'FORMATION_CLASS_LAND_COMBAT', 'LOC_UNIT_BARBARIAN_OKIHTCITAW_NAME', 'LOC_UNIT_BARBARIAN_OKIHTCITAW_DESCRIPTION', 'YIELD_GOLD', 'PROMOTION_CLASS_RECON', '0', '10', 'TRAIT_BARBARIAN_BUT_SHOWS_UP_IN_PEDIA', NULL, 'TECH_GUNPOWDER'
FROM   Types WHERE Type = 'UNIT_BARBARIAN_OKIHTCITAW';

INSERT INTO Units (UnitType, BaseMoves, Cost, AdvisorType, BaseSightRange, ZoneOfControl, Domain, FormationClass, Name, Description, PurchaseYield, PromotionClass, Maintenance, Combat, TraitType, PrereqTech, MandatoryObsoleteTech)
SELECT Type, '5', '200', 'ADVISOR_CONQUEST', '2', 1, 'DOMAIN_LAND', 'FORMATION_CLASS_LAND_COMBAT', 'LOC_UNIT_BARBARIAN_OROMO_CAVALRY_NAME', 'LOC_UNIT_BARBARIAN_OROMO_CAVALRY_DESCRIPTION', 'YIELD_GOLD', 'PROMOTION_CLASS_LIGHT_CAVALRY', '0', '46', 'TRAIT_BARBARIAN_BUT_SHOWS_UP_IN_PEDIA', 'TECH_CASTLES', 'TECH_SYNTHETIC_MATERIALS'
FROM   Types WHERE Type = 'UNIT_BARBARIAN_OROMO_CAVALRY';
		
INSERT OR REPLACE INTO Units (UnitType, BaseMoves, Cost, AdvisorType, BaseSightRange, ZoneOfControl, Domain, FormationClass, Name, Description, PurchaseYield, PromotionClass, Maintenance, Combat, TraitType, Range, RangedCombat, PrereqTech, MandatoryObsoleteTech)
SELECT Type, '3', '70', 'ADVISOR_CONQUEST', '2', 0, 'DOMAIN_LAND', 'FORMATION_CLASS_LAND_COMBAT', 'LOC_UNIT_BARBARIAN_PITATI_NAME', 'LOC_UNIT_BARBARIAN_PITATI_DESCRIPTION', 'YIELD_GOLD', 'PROMOTION_CLASS_RANGED', '0', '17', 'TRAIT_BARBARIAN_BUT_SHOWS_UP_IN_PEDIA', '2', '25', NULL, 'TECH_BALLISTICS'
FROM   Types WHERE Type = 'UNIT_BARBARIAN_PITATI';

INSERT OR REPLACE INTO Units (UnitType, BaseMoves, Cost, AdvisorType, BaseSightRange, ZoneOfControl, Domain, FormationClass, Name, Description, PurchaseYield, PromotionClass, Maintenance, Combat, TraitType, Range, RangedCombat, PrereqTech, MandatoryObsoleteTech)
SELECT Type, '4', '280', 'ADVISOR_CONQUEST', '2', 1, 'DOMAIN_SEA', 'FORMATION_CLASS_NAVAL', 'LOC_UNIT_BARBARIAN_PRIVATEER_NAME', 'LOC_UNIT_BARBARIAN_PRIVATEER_DESCRIPTION', 'YIELD_GOLD', 'PROMOTION_CLASS_NAVAL_RAIDER', '0', '40', 'TRAIT_BARBARIAN_BUT_SHOWS_UP_IN_PEDIA', '2', '50', 'TECH_SQUARE_RIGGING', 'TECH_ELECTRICITY'
FROM   Types WHERE Type = 'UNIT_BARBARIAN_PRIVATEER';

INSERT OR REPLACE INTO Units (UnitType, BaseMoves, Cost, AdvisorType, BaseSightRange, ZoneOfControl, Domain, FormationClass, Name, Description, PurchaseYield, PromotionClass, Maintenance, Combat, TraitType, PrereqTech)
SELECT Type, '5', '385', 'ADVISOR_CONQUEST', '2', 1, 'DOMAIN_LAND', 'FORMATION_CLASS_LAND_COMBAT', 'LOC_UNIT_BARBARIAN_ROUGH_RIDER_NAME', 'LOC_UNIT_BARBARIAN_ROUGH_RIDER_DESCRIPTION', 'YIELD_GOLD', 'PROMOTION_CLASS_HEAVY_CAVALRY', '3', '66', 'TRAIT_BARBARIAN_BUT_SHOWS_UP_IN_PEDIA', 'TECH_RIFLING'
FROM   Types WHERE Type = 'UNIT_BARBARIAN_ROUGH_RIDER';	

INSERT OR REPLACE INTO Units (UnitType, BaseMoves, Cost, AdvisorType, BaseSightRange, ZoneOfControl, Domain, FormationClass, Name, Description, PurchaseYield, PromotionClass, Maintenance, Combat, TraitType, PrereqTech, MandatoryObsoleteTech)
SELECT Type, '2', '160', 'ADVISOR_CONQUEST', '2', 1, 'DOMAIN_LAND', 'FORMATION_CLASS_LAND_COMBAT', 'LOC_UNIT_BARBARIAN_SAMURAI_NAME', 'LOC_UNIT_BARBARIAN_SAMURAI_DESCRIPTION', 'YIELD_GOLD', 'PROMOTION_CLASS_MELEE', '0', '45', 'TRAIT_BARBARIAN_BUT_SHOWS_UP_IN_PEDIA', 'TECH_MILITARY_TACTICS', 'TECH_REPLACEABLE_PARTS'
FROM   Types WHERE Type = 'UNIT_BARBARIAN_SAMURAI';	
		
INSERT INTO Units (UnitType, BaseMoves, Cost, AdvisorType, BaseSightRange, ZoneOfControl, Domain, FormationClass, Name, Description, PurchaseYield, PromotionClass, Maintenance, Combat, TraitType, Range, RangedCombat, PrereqTech, MandatoryObsoleteTech)
SELECT Type, '3', '35', 'ADVISOR_CONQUEST', '2', 1, 'DOMAIN_LAND', 'FORMATION_CLASS_LAND_COMBAT', 'LOC_UNIT_BARBARIAN_HORSE_ARCHER_NAME', 'LOC_UNIT_BARBARIAN_HORSE_ARCHER_DESCRIPTION', 'YIELD_GOLD', 'PROMOTION_CLASS_RANGED', '0', '15', 'TRAIT_BARBARIAN', '1', '20', NULL, 'TECH_BALLISTICS'
FROM   Types WHERE Type = 'UNIT_BARBARIAN_SCYTHIAN_HORSE_ARCHER';

INSERT OR REPLACE INTO Units (UnitType, BaseMoves, Cost, AdvisorType, BaseSightRange, ZoneOfControl, Domain, FormationClass, Name, Description, PurchaseYield, PromotionClass, Maintenance, Combat, TraitType, PrereqTech, MandatoryObsoleteTech)
SELECT Type, '2', '110', 'ADVISOR_CONQUEST', '2', 1, 'DOMAIN_LAND', 'FORMATION_CLASS_LAND_COMBAT', 'LOC_UNIT_BARBARIAN_SHIELD_BEARER_NAME', 'LOC_UNIT_BARBARIAN_SHIELD_BEARER_DESCRIPTION', 'YIELD_GOLD', 'PROMOTION_CLASS_MELEE', '0', '35', 'TRAIT_BARBARIAN_BUT_SHOWS_UP_IN_PEDIA', NULL, 'TECH_REPLACEABLE_PARTS'
FROM   Types WHERE Type = 'UNIT_BARBARIAN_SHIELD_BEARER';	

INSERT OR REPLACE INTO Units (UnitType, BaseMoves, Cost, AdvisorType, BaseSightRange, ZoneOfControl, Domain, FormationClass, Name, Description, PurchaseYield, PromotionClass, Maintenance, Combat, TraitType, PrereqTech, MandatoryObsoleteTech)
SELECT Type, '2', '40', 'ADVISOR_CONQUEST', '2', 1, 'DOMAIN_LAND', 'FORMATION_CLASS_LAND_COMBAT', 'LOC_UNIT_WARRIOR_NAME', 'LOC_UNIT_WARRIOR_DESCRIPTION', 'YIELD_GOLD', 'PROMOTION_CLASS_MELEE', '0', '20', 'TRAIT_BARBARIAN', NULL, 'TECH_GUNPOWDER'
FROM   Types WHERE Type = 'UNIT_BARBARIAN_SOUTHAM_WARRIOR';

INSERT OR REPLACE INTO Units (UnitType, BaseMoves, Cost, AdvisorType, BaseSightRange, ZoneOfControl, Domain, FormationClass, Name, Description, PurchaseYield, PromotionClass, Maintenance, Combat, TraitType, PrereqTech, MandatoryObsoleteTech)
SELECT Type, '2', '120', 'ADVISOR_CONQUEST', '2', 1, 'DOMAIN_LAND', 'FORMATION_CLASS_LAND_COMBAT', 'LOC_UNIT_BARBARIAN_TOA_NAME', 'LOC_UNIT_BARBARIAN_TOA_DESCRIPTION', 'YIELD_GOLD', 'PROMOTION_CLASS_MELEE', '0', '30', 'TRAIT_BARBARIAN_BUT_SHOWS_UP_IN_PEDIA', 'TECH_BRONZE_WORKING', 'TECH_REPLACEABLE_PARTS'
FROM   Types WHERE Type = 'UNIT_BARBARIAN_TOA';	

INSERT OR REPLACE INTO Units (UnitType, BaseMoves, Cost, AdvisorType, BaseSightRange, ZoneOfControl, Domain, FormationClass, Name, Description, PurchaseYield, PromotionClass, Maintenance, Combat, TraitType, PrereqTech, MandatoryObsoleteTech)
SELECT Type, '2', '120', 'ADVISOR_CONQUEST', '3', 1, 'DOMAIN_LAND', 'FORMATION_CLASS_LAND_COMBAT', 'LOC_UNIT_BARBARIAN_VARU_NAME', 'LOC_UNIT_BARBARIAN_VARU_DESCRIPTION', 'YIELD_GOLD', 'PROMOTION_CLASS_HEAVY_CAVALRY', '0', '36', 'TRAIT_BARBARIAN_BUT_SHOWS_UP_IN_PEDIA', 'TECH_HORSEBACK_RIDING', 'TECH_COMBUSTION'
FROM   Types WHERE Type = 'UNIT_BARBARIAN_VARU';

INSERT OR REPLACE INTO Units (UnitType, BaseMoves, Cost, AdvisorType, BaseSightRange, ZoneOfControl, Domain, FormationClass, Name, Description, PurchaseYield, PromotionClass, Maintenance, Combat, TraitType, Range, RangedCombat, PrereqTech, MandatoryObsoleteTech)
SELECT Type, '3', '200', 'ADVISOR_CONQUEST', '3', 0, 'DOMAIN_LAND', 'FORMATION_CLASS_LAND_COMBAT', 'LOC_UNIT_BARBARIAN_VOI_CHIEN_NAME', 'LOC_UNIT_BARBARIAN_VOI_CHIEN_DESCRIPTION', 'YIELD_GOLD', 'PROMOTION_CLASS_RANGED', '0', '35', 'TRAIT_BARBARIAN_BUT_SHOWS_UP_IN_PEDIA', '2', '40', 'TECH_MACHINERY', 'TECH_ADVANCED_BALLISTICS'
FROM   Types WHERE Type = 'UNIT_BARBARIAN_VOI_CHIEN';

INSERT OR REPLACE INTO Units (UnitType, BaseMoves, Cost, AdvisorType, BaseSightRange, ZoneOfControl, Domain, FormationClass, Name, Description, PurchaseYield, PromotionClass, Maintenance, Combat, TraitType, Range, RangedCombat, PrereqTech)
SELECT Type, '3', '165', 'ADVISOR_CONQUEST', '2', 1, 'DOMAIN_LAND', 'FORMATION_CLASS_LAND_COMBAT', 'LOC_UNIT_BARBARIAN_WARAKAQ_NAME', 'LOC_UNIT_BARBARIAN_WARAKAQ_DESCRIPTION', 'YIELD_GOLD', 'PROMOTION_CLASS_RECON', '0', '20', 'TRAIT_BARBARIAN_BUT_SHOWS_UP_IN_PEDIA', '1', '15', 'TECH_ARCHERY'
FROM   Types WHERE Type = 'UNIT_BARBARIAN_WARAKAQ';

-- ===========================================================================
-- Barbarian Unique Units Traits
-- Do not use, the default unique units replace other barbarian units if we give them the trait. This will cause most camps to be empty.
-- ===========================================================================

/* DELETE FROM UnitReplaces; 

INSERT OR REPLACE INTO CivilizationTraits (CivilizationType, TraitType) SELECT 'CIVILIZATION_BARBARIAN', 'TRAIT_CIVILIZATION_UNIT_ARABIAN_MAMLUK' 
WHERE EXISTS (SELECT * FROM Civilizations WHERE CivilizationType = 'CIVILIZATION_BARBARIAN') 
AND EXISTS (SELECT * FROM CivilizationTraits WHERE TraitType = 'TRAIT_CIVILIZATION_UNIT_ARABIAN_MAMLUK');

INSERT OR REPLACE INTO CivilizationTraits (CivilizationType, TraitType) SELECT 'CIVILIZATION_BARBARIAN', 'TRAIT_CIVILIZATION_UNIT_BYZANTINE_DROMON' 
WHERE EXISTS (SELECT * FROM Civilizations WHERE CivilizationType = 'CIVILIZATION_BARBARIAN') 
AND EXISTS (SELECT * FROM CivilizationTraits WHERE TraitType = 'TRAIT_CIVILIZATION_UNIT_BYZANTINE_DROMON');

INSERT OR REPLACE INTO CivilizationTraits (CivilizationType, TraitType) SELECT 'CIVILIZATION_BARBARIAN', 'TRAIT_CIVILIZATION_UNIT_CREE_OKIHTCITAW' 
WHERE EXISTS (SELECT * FROM Civilizations WHERE CivilizationType = 'CIVILIZATION_BARBARIAN') 
AND EXISTS (SELECT * FROM CivilizationTraits WHERE TraitType = 'TRAIT_CIVILIZATION_UNIT_CREE_OKIHTCITAW');

INSERT OR REPLACE INTO CivilizationTraits (CivilizationType, TraitType) SELECT 'CIVILIZATION_BARBARIAN', 'TRAIT_CIVILIZATION_UNIT_AZTEC_EAGLE_WARRIOR' 
WHERE EXISTS (SELECT * FROM Civilizations WHERE CivilizationType = 'CIVILIZATION_BARBARIAN') 
AND EXISTS (SELECT * FROM CivilizationTraits WHERE TraitType = 'TRAIT_CIVILIZATION_UNIT_AZTEC_EAGLE_WARRIOR');

INSERT OR REPLACE INTO CivilizationTraits (CivilizationType, TraitType) SELECT 'CIVILIZATION_BARBARIAN', 'TRAIT_CIVILIZATION_UNIT_ETHIOPIAN_OROMO_CAVALRY' 
WHERE EXISTS (SELECT * FROM Civilizations WHERE CivilizationType = 'CIVILIZATION_BARBARIAN') 
AND EXISTS (SELECT * FROM CivilizationTraits WHERE TraitType = 'TRAIT_CIVILIZATION_UNIT_ETHIOPIAN_OROMO_CAVALRY');	

INSERT OR REPLACE INTO CivilizationTraits (CivilizationType, TraitType) SELECT 'CIVILIZATION_BARBARIAN', 'TRAIT_CIVILIZATION_UNIT_GAUL_GAESATAE' 
WHERE EXISTS (SELECT * FROM Civilizations WHERE CivilizationType = 'CIVILIZATION_BARBARIAN') 
AND EXISTS (SELECT * FROM CivilizationTraits WHERE TraitType = 'TRAIT_CIVILIZATION_UNIT_GAUL_GAESATAE');

INSERT OR REPLACE INTO CivilizationTraits (CivilizationType, TraitType) SELECT 'CIVILIZATION_BARBARIAN', 'TRAIT_CIVILIZATION_UNIT_GEORGIAN_KHEVSURETI' 
WHERE EXISTS (SELECT * FROM Civilizations WHERE CivilizationType = 'CIVILIZATION_BARBARIAN') 
AND EXISTS (SELECT * FROM CivilizationTraits WHERE TraitType = 'TRAIT_CIVILIZATION_UNIT_GEORGIAN_KHEVSURETI');	

INSERT OR REPLACE INTO CivilizationTraits (CivilizationType, TraitType) SELECT 'CIVILIZATION_BARBARIAN', 'TRAIT_CIVILIZATION_UNIT_GREEK_HOPLITE' 
WHERE EXISTS (SELECT * FROM Civilizations WHERE CivilizationType = 'CIVILIZATION_BARBARIAN') 
AND EXISTS (SELECT * FROM CivilizationTraits WHERE TraitType = 'TRAIT_CIVILIZATION_UNIT_GREEK_HOPLITE');	

INSERT OR REPLACE INTO CivilizationTraits (CivilizationType, TraitType) SELECT 'CIVILIZATION_BARBARIAN', 'TRAIT_CIVILIZATION_HULCHE' 
WHERE EXISTS (SELECT * FROM Civilizations WHERE CivilizationType = 'CIVILIZATION_BARBARIAN') 
AND EXISTS (SELECT * FROM CivilizationTraits WHERE TraitType = 'TRAIT_CIVILIZATION_HULCHE');	

INSERT OR REPLACE INTO CivilizationTraits (CivilizationType, TraitType) SELECT 'CIVILIZATION_BARBARIAN', 'TRAIT_CIVILIZATION_UNIT_INCA_WARAKAQ' 
WHERE EXISTS (SELECT * FROM Civilizations WHERE CivilizationType = 'CIVILIZATION_BARBARIAN') 
AND EXISTS (SELECT * FROM CivilizationTraits WHERE TraitType = 'TRAIT_CIVILIZATION_UNIT_INCA_WARAKAQ');

INSERT OR REPLACE INTO CivilizationTraits (CivilizationType, TraitType) SELECT 'CIVILIZATION_BARBARIAN', 'TRAIT_CIVILIZATION_UNIT_INDIAN_VARU' 
WHERE EXISTS (SELECT * FROM Civilizations WHERE CivilizationType = 'CIVILIZATION_BARBARIAN') 
AND EXISTS (SELECT * FROM CivilizationTraits WHERE TraitType = 'TRAIT_CIVILIZATION_UNIT_INDIAN_VARU');

INSERT OR REPLACE INTO CivilizationTraits (CivilizationType, TraitType) SELECT 'CIVILIZATION_BARBARIAN', 'TRAIT_CIVILIZATION_UNIT_KONGO_SHIELD_BEARER' 
WHERE EXISTS (SELECT * FROM Civilizations WHERE CivilizationType = 'CIVILIZATION_BARBARIAN') 
AND EXISTS (SELECT * FROM CivilizationTraits WHERE TraitType = 'TRAIT_CIVILIZATION_UNIT_KONGO_SHIELD_BEARER');

INSERT OR REPLACE INTO CivilizationTraits (CivilizationType, TraitType) SELECT 'CIVILIZATION_BARBARIAN', 'TRAIT_CIVILIZATION_UNIT_MALI_MANDEKALU_CAVALRY' 
WHERE EXISTS (SELECT * FROM Civilizations WHERE CivilizationType = 'CIVILIZATION_BARBARIAN') 
AND EXISTS (SELECT * FROM CivilizationTraits WHERE TraitType = 'TRAIT_CIVILIZATION_UNIT_MALI_MANDEKALU_CAVALRY');

INSERT OR REPLACE INTO CivilizationTraits (CivilizationType, TraitType) SELECT 'CIVILIZATION_BARBARIAN', 'TRAIT_CIVILIZATION_UNIT_MAORI_TOA' 
WHERE EXISTS (SELECT * FROM Civilizations WHERE CivilizationType = 'CIVILIZATION_BARBARIAN') 
AND EXISTS (SELECT * FROM CivilizationTraits WHERE TraitType = 'TRAIT_CIVILIZATION_UNIT_MAORI_TOA');

INSERT OR REPLACE INTO CivilizationTraits (CivilizationType, TraitType) SELECT 'CIVILIZATION_BARBARIAN', 'TRAIT_CIVILIZATION_UNIT_MAPUCHE_MALON_RAIDER' 
WHERE EXISTS (SELECT * FROM Civilizations WHERE CivilizationType = 'CIVILIZATION_BARBARIAN') 
AND EXISTS (SELECT * FROM CivilizationTraits WHERE TraitType = 'TRAIT_CIVILIZATION_UNIT_MAPUCHE_MALON_RAIDER');

INSERT OR REPLACE INTO CivilizationTraits (CivilizationType, TraitType) SELECT 'CIVILIZATION_BARBARIAN', 'TRAIT_CIVILIZATION_UNIT_MONGOLIAN_KESHIG' 
WHERE EXISTS (SELECT * FROM Civilizations WHERE CivilizationType = 'CIVILIZATION_BARBARIAN') 
AND EXISTS (SELECT * FROM CivilizationTraits WHERE TraitType = 'TRAIT_CIVILIZATION_UNIT_MONGOLIAN_KESHIG');

INSERT OR REPLACE INTO CivilizationTraits (CivilizationType, TraitType) SELECT 'CIVILIZATION_BARBARIAN', 'TRAIT_CIVILIZATION_UNIT_NORWEGIAN_BERSERKER' 
WHERE EXISTS (SELECT * FROM Civilizations WHERE CivilizationType = 'CIVILIZATION_BARBARIAN') 
AND EXISTS (SELECT * FROM CivilizationTraits WHERE TraitType = 'TRAIT_CIVILIZATION_UNIT_NORWEGIAN_BERSERKER');

INSERT OR REPLACE INTO CivilizationTraits (CivilizationType, TraitType) SELECT 'CIVILIZATION_BARBARIAN', 'UNIT_OTTOMAN_BARBARY_CORSAIR'
WHERE EXISTS (SELECT * FROM Civilizations WHERE CivilizationType = 'CIVILIZATION_BARBARIAN') 
AND EXISTS (SELECT * FROM CivilizationTraits WHERE TraitType = 'UNIT_OTTOMAN_BARBARY_CORSAIR');

INSERT OR REPLACE INTO CivilizationTraits (CivilizationType, TraitType) SELECT 'CIVILIZATION_BARBARIAN', 'TRAIT_CIVILIZATION_UNIT_NUBIAN_PITATI'
WHERE EXISTS (SELECT * FROM Civilizations WHERE CivilizationType = 'CIVILIZATION_BARBARIAN') 
AND EXISTS (SELECT * FROM CivilizationTraits WHERE TraitType = 'TRAIT_CIVILIZATION_UNIT_NUBIAN_PITATI');

INSERT OR REPLACE INTO CivilizationTraits (CivilizationType, TraitType) SELECT 'CIVILIZATION_BARBARIAN', 'TRAIT_CIVILIZATION_UNIT_RUSSIAN_COSSACK' 
WHERE EXISTS (SELECT * FROM Civilizations WHERE CivilizationType = 'CIVILIZATION_BARBARIAN') 
AND EXISTS (SELECT * FROM CivilizationTraits WHERE TraitType = 'TRAIT_CIVILIZATION_UNIT_RUSSIAN_COSSACK');

INSERT OR REPLACE INTO CivilizationTraits (CivilizationType, TraitType) SELECT 'CIVILIZATION_BARBARIAN', 'TRAIT_CIVILIZATION_UNIT_SCOTTISH_HIGHLANDER' 
WHERE EXISTS (SELECT * FROM Civilizations WHERE CivilizationType = 'CIVILIZATION_BARBARIAN') 
AND EXISTS (SELECT * FROM CivilizationTraits WHERE TraitType = 'TRAIT_CIVILIZATION_UNIT_SCOTTISH_HIGHLANDER');

INSERT OR REPLACE INTO CivilizationTraits (CivilizationType, TraitType) SELECT 'CIVILIZATION_BARBARIAN', 'TRAIT_CIVILIZATION_UNIT_SCYTHIAN_HORSE_ARCHER' 
WHERE EXISTS (SELECT * FROM Civilizations WHERE CivilizationType = 'CIVILIZATION_BARBARIAN') 
AND EXISTS (SELECT * FROM CivilizationTraits WHERE TraitType = 'TRAIT_CIVILIZATION_UNIT_SCYTHIAN_HORSE_ARCHER');

INSERT OR REPLACE INTO CivilizationTraits (CivilizationType, TraitType) SELECT 'CIVILIZATION_BARBARIAN', 'TRAIT_CIVILIZATION_UNIT_ZULU_IMPI' 
WHERE EXISTS (SELECT * FROM Civilizations WHERE CivilizationType = 'CIVILIZATION_BARBARIAN') 
AND EXISTS (SELECT * FROM CivilizationTraits WHERE TraitType = 'TRAIT_CIVILIZATION_UNIT_ZULU_IMPI'); */

-- ===========================================================================
-- Default Barbarian Tribes
-- ===========================================================================

--Tags
INSERT OR REPLACE INTO Tags (Tag,	Vocabulary) 
VALUES		('CLASS_BARB_ANTICAV',				'ABILITY_CLASS'),
			('CLASS_BARB_MELEE',				'ABILITY_CLASS'),
			('CLASS_BARB_RECON',				'ABILITY_CLASS'),
			('CLASS_BARB_RANGED',				'ABILITY_CLASS'),
			('CLASS_BARB_LIGHTCAV',				'ABILITY_CLASS'),
			('CLASS_BARB_HEAVYCAV',				'ABILITY_CLASS'),
			('CLASS_BARB_SIEGE',				'ABILITY_CLASS'),
			('CLASS_BARB_NAVAL_MELEE',			'ABILITY_CLASS'),
			('CLASS_BARB_NAVAL_RANGED',			'ABILITY_CLASS'),
			('CLASS_BARB_NAVAL_RAIDER',			'ABILITY_CLASS'),
			('CLASS_BARB_SUPPORT',				'ABILITY_CLASS'),
			('CLASS_EMPTY_CLASS_FOR_SPAWN',		'ABILITY_CLASS');
			
--TypeTags
INSERT OR REPLACE INTO TypeTags (Type,	Tag) 
VALUES		('UNIT_SPEARMAN',				'CLASS_BARB_ANTICAV'),
			('UNIT_PIKEMAN',				'CLASS_BARB_ANTICAV'),
			('UNIT_PIKE_AND_SHOT',			'CLASS_BARB_ANTICAV'),
			('UNIT_LINE_INFANTRY',			'CLASS_BARB_ANTICAV'),
			('UNIT_INFANTRY',				'CLASS_BARB_ANTICAV');

INSERT OR REPLACE INTO TypeTags (Type,	Tag) 
VALUES		('UNIT_WARRIOR',				'CLASS_BARB_MELEE'),
			('UNIT_SWORDSMAN',				'CLASS_BARB_MELEE'),
			('UNIT_MAN_AT_ARMS',			'CLASS_BARB_MELEE'),
			('UNIT_MUSKETMAN',				'CLASS_BARB_MELEE'),
			('UNIT_LINE_INFANTRY',			'CLASS_BARB_MELEE'),
			('UNIT_INFANTRY',				'CLASS_BARB_MELEE');
			
INSERT OR REPLACE INTO TypeTags (Type,	Tag) 
VALUES		('UNIT_SCOUT',					'CLASS_BARB_RECON'),
			('UNIT_SKIRMISHER',				'CLASS_BARB_RECON'),
			('UNIT_RANGER',					'CLASS_BARB_RECON');
			
INSERT OR REPLACE INTO TypeTags (Type,	Tag) 
VALUES		('UNIT_SLINGER',				'CLASS_BARB_RANGED'),
			('UNIT_ARCHER',					'CLASS_BARB_RANGED'),
			('UNIT_CROSSBOWMAN',			'CLASS_BARB_RANGED'),
			('UNIT_RANGER',					'CLASS_BARB_RANGED'),
			('UNIT_FIELD_CANNON',			'CLASS_BARB_RANGED'),
			('UNIT_MACHINE_GUN',			'CLASS_BARB_RANGED');
			
INSERT OR REPLACE INTO TypeTags (Type,	Tag) 
VALUES		('UNIT_BARBARIAN_HORSEMAN',		'CLASS_BARB_LIGHTCAV'),
			('UNIT_COURSER',				'CLASS_BARB_LIGHTCAV'),
			('UNIT_CAVALRY',				'CLASS_BARB_LIGHTCAV'),
			('UNIT_HELICOPTER',				'CLASS_BARB_LIGHTCAV');
			
INSERT OR REPLACE INTO TypeTags (Type,	Tag) 
VALUES		('UNIT_BARBARIAN_CHARIOT',		'CLASS_BARB_HEAVYCAV'),
			('UNIT_KNIGHT',					'CLASS_BARB_HEAVYCAV'),
			('UNIT_CUIRASSIER',				'CLASS_BARB_HEAVYCAV'),
			('UNIT_TANK',					'CLASS_BARB_HEAVYCAV'),
			('UNIT_MODERN_ARMOR',			'CLASS_BARB_HEAVYCAV');
			
INSERT OR REPLACE INTO TypeTags (Type,	Tag) 
VALUES		('UNIT_CATAPULT',				'CLASS_BARB_SIEGE'),
			('UNIT_TREBUCHET',				'CLASS_BARB_SIEGE'),
			('UNIT_BOMBARD',				'CLASS_BARB_SIEGE'),
			('UNIT_ARTILLERY',				'CLASS_BARB_SIEGE'),
			('UNIT_ROCKET_ARTILLERY',		'CLASS_BARB_SIEGE');
			
INSERT OR REPLACE INTO TypeTags (Type,	Tag) 
VALUES		('UNIT_GALLEY',					'CLASS_BARB_NAVAL_MELEE'),
			('UNIT_CARAVEL',				'CLASS_BARB_NAVAL_MELEE'),
			('UNIT_IRONCLAD',				'CLASS_BARB_NAVAL_MELEE'),
			('UNIT_DESTROYER',				'CLASS_BARB_NAVAL_MELEE');
			
INSERT OR REPLACE INTO TypeTags (Type,	Tag) 
VALUES		('UNIT_QUADRIREME',				'CLASS_BARB_NAVAL_RANGED'),
			('UNIT_FRIGATE',				'CLASS_BARB_NAVAL_RANGED'),
			('UNIT_BATTLESHIP',				'CLASS_BARB_NAVAL_RANGED');
			
INSERT OR REPLACE INTO TypeTags (Type,	Tag) 
VALUES		('UNIT_BARBARIAN_PRIVATEER',	'CLASS_BARB_NAVAL_RAIDER'),
			('UNIT_SUBMARINE',				'CLASS_BARB_NAVAL_RAIDER');
			
INSERT OR REPLACE INTO TypeTags (Type,	Tag) 
VALUES		('UNIT_BATTERING_RAM',			'CLASS_BARB_SUPPORT'),
			('UNIT_SIEGE_TOWER',			'CLASS_BARB_SUPPORT'),
			('UNIT_BOMBARD',				'CLASS_BARB_SUPPORT'),
			('UNIT_ARTILLERY',				'CLASS_BARB_SUPPORT'),
			('UNIT_ROCKET_ARTILLERY',		'CLASS_BARB_SUPPORT');


/* --Update default BarbarianTribes
UPDATE BarbarianTribes SET MeleeTag="CLASS_BARB_MELEE" WHERE TribeType="TRIBE_MELEE";
UPDATE BarbarianTribes SET ScoutTag="CLASS_BARB_RECON" WHERE TribeType="TRIBE_MELEE";
UPDATE BarbarianTribes SET RangedTag="CLASS_BARB_RANGED" WHERE TribeType="TRIBE_MELEE";
UPDATE BarbarianTribes SET SiegeTag="CLASS_BARB_SIEGE" WHERE TribeType="TRIBE_MELEE";
UPDATE BarbarianTribes SET DefenderTag="CLASS_BARB_ANTICAV" WHERE TribeType="TRIBE_MELEE";

UPDATE BarbarianTribes SET MeleeTag="CLASS_BARB_LIGHTCAV" WHERE TribeType="TRIBE_CAVALRY";
UPDATE BarbarianTribes SET ScoutTag="CLASS_BARB_RECON" WHERE TribeType="TRIBE_CAVALRY";
-- UPDATE BarbarianTribes SET RangedTag="CLASS_MOBILE_RANGED" WHERE TribeType="TRIBE_CAVALRY"; --Default
UPDATE BarbarianTribes SET SiegeTag="CLASS_BARB_HEAVYCAV" WHERE TribeType="TRIBE_CAVALRY";
UPDATE BarbarianTribes SET DefenderTag="CLASS_BARB_ANTICAV" WHERE TribeType="TRIBE_CAVALRY";

UPDATE BarbarianTribes SET MeleeTag="CLASS_BARB_NAVAL_RAIDER" WHERE TribeType="TRIBE_NAVAL";
UPDATE BarbarianTribes SET ScoutTag="CLASS_BARB_NAVAL_MELEE" WHERE TribeType="TRIBE_NAVAL";
UPDATE BarbarianTribes SET RangedTag="CLASS_BARB_NAVAL_RANGED" WHERE TribeType="TRIBE_NAVAL";
UPDATE BarbarianTribes SET SiegeTag="CLASS_BARB_NAVAL_RANGED" WHERE TribeType="TRIBE_NAVAL";
UPDATE BarbarianTribes SET DefenderTag="CLASS_BARB_ANTICAV" WHERE TribeType="TRIBE_NAVAL";

--BarbarianAttackForces
UPDATE BarbarianAttackForces SET MeleeTag="CLASS_BARB_MELEE" WHERE AttackForceType="LowDifficultyStandardRaid";
UPDATE BarbarianAttackForces SET MeleeTag="CLASS_BARB_MELEE" WHERE AttackForceType="StandardRaid";
UPDATE BarbarianAttackForces SET MeleeTag="CLASS_BARB_MELEE" WHERE AttackForceType="HighDifficultyStandardRaid";
UPDATE BarbarianAttackForces SET MeleeTag="CLASS_BARB_MELEE" WHERE AttackForceType="LowDifficultyStandardAttack";
UPDATE BarbarianAttackForces SET MeleeTag="CLASS_BARB_MELEE" WHERE AttackForceType="StandardAttack";
UPDATE BarbarianAttackForces SET MeleeTag="CLASS_BARB_MELEE" WHERE AttackForceType="HighDifficultyStandardAttack"; */

--Empty spawn camps
UPDATE BarbarianTribes SET MeleeTag="CLASS_EMPTY_CLASS_FOR_SPAWN" WHERE TribeType="TRIBE_MELEE";
UPDATE BarbarianTribes SET ScoutTag="CLASS_EMPTY_CLASS_FOR_SPAWN" WHERE TribeType="TRIBE_MELEE";
UPDATE BarbarianTribes SET RangedTag="CLASS_EMPTY_CLASS_FOR_SPAWN" WHERE TribeType="TRIBE_MELEE";
UPDATE BarbarianTribes SET SiegeTag="CLASS_EMPTY_CLASS_FOR_SPAWN" WHERE TribeType="TRIBE_MELEE";
UPDATE BarbarianTribes SET DefenderTag="CLASS_EMPTY_CLASS_FOR_SPAWN" WHERE TribeType="TRIBE_MELEE";

UPDATE BarbarianTribes SET MeleeTag="CLASS_EMPTY_CLASS_FOR_SPAWN" WHERE TribeType="TRIBE_CAVALRY";
UPDATE BarbarianTribes SET ScoutTag="CLASS_EMPTY_CLASS_FOR_SPAWN" WHERE TribeType="TRIBE_CAVALRY";
UPDATE BarbarianTribes SET RangedTag="CLASS_EMPTY_CLASS_FOR_SPAWN" WHERE TribeType="TRIBE_CAVALRY";
UPDATE BarbarianTribes SET SiegeTag="CLASS_EMPTY_CLASS_FOR_SPAWN" WHERE TribeType="TRIBE_CAVALRY";
UPDATE BarbarianTribes SET DefenderTag="CLASS_EMPTY_CLASS_FOR_SPAWN" WHERE TribeType="TRIBE_CAVALRY";

UPDATE BarbarianTribes SET MeleeTag="CLASS_EMPTY_CLASS_FOR_SPAWN" WHERE TribeType="TRIBE_NAVAL";
UPDATE BarbarianTribes SET ScoutTag="CLASS_EMPTY_CLASS_FOR_SPAWN" WHERE TribeType="TRIBE_NAVAL";
UPDATE BarbarianTribes SET RangedTag="CLASS_EMPTY_CLASS_FOR_SPAWN" WHERE TribeType="TRIBE_NAVAL";
UPDATE BarbarianTribes SET SiegeTag="CLASS_EMPTY_CLASS_FOR_SPAWN" WHERE TribeType="TRIBE_NAVAL";
UPDATE BarbarianTribes SET DefenderTag="CLASS_EMPTY_CLASS_FOR_SPAWN" WHERE TribeType="TRIBE_NAVAL";

-- ===========================================================================
-- New Barbarian Tribe Tags
-- ===========================================================================

--Barbary Pirates
INSERT OR REPLACE INTO Tags (Tag,	Vocabulary) 
VALUES		('CLASS_BARB_PIRATES_AFRICA',	'ABILITY_CLASS');

INSERT OR REPLACE INTO TypeTags (Type,	Tag) 
VALUES		('UNIT_GALLEY',						'CLASS_BARB_PIRATES_AFRICA'),
			('UNIT_BARBARIAN_CORSAIR',			'CLASS_BARB_PIRATES_AFRICA'),
			('UNIT_IRONCLAD',					'CLASS_BARB_PIRATES_AFRICA');

--Cree
INSERT OR REPLACE INTO Tags (Tag,	Vocabulary) 
VALUES		('CLASS_BARB_CREE',				'ABILITY_CLASS');

INSERT OR REPLACE INTO TypeTags (Type,	Tag) 
VALUES		('UNIT_BARBARIAN_OKIHTCITAW',				'CLASS_BARB_CREE'),
			('UNIT_BARBARIAN_DOG_SOLDIER',				'CLASS_BARB_CREE'),
			('UNIT_RANGER',								'CLASS_BARB_CREE');
			
--Comanche
INSERT OR REPLACE INTO Tags (Tag,	Vocabulary) 
VALUES		('CLASS_BARB_COMANCHE',				'ABILITY_CLASS');

INSERT OR REPLACE INTO TypeTags (Type,	Tag) 
VALUES		('UNIT_BARBARIAN_EAGLE_WARRIOR',				'CLASS_BARB_COMANCHE'),
			('UNIT_BARBARIAN_NORTHAM_HORSEMAN',				'CLASS_BARB_COMANCHE');

--Kongo
INSERT OR REPLACE INTO Tags (Tag,	Vocabulary) 
VALUES		('CLASS_BARB_KONGO',				'ABILITY_CLASS');

INSERT OR REPLACE INTO TypeTags (Type,	Tag) 
VALUES		('UNIT_BARBARIAN_AFRICA_WARRIOR',	'CLASS_BARB_KONGO'),
			('UNIT_BARBARIAN_SHIELD_BEARER',	'CLASS_BARB_KONGO'),
			('UNIT_INFANTRY',					'CLASS_BARB_KONGO');

--Ethiopian
INSERT OR REPLACE INTO Tags (Tag,	Vocabulary) 
VALUES		('CLASS_BARB_ETHIOPIAN',			'ABILITY_CLASS');

INSERT OR REPLACE INTO TypeTags (Type,	Tag) 
VALUES		('UNIT_BARBARIAN_AFRICA_WARRIOR',		'CLASS_BARB_ETHIOPIAN'),
			('UNIT_BARBARIAN_MEDJAY',				'CLASS_BARB_ETHIOPIAN'),
			('UNIT_BARBARIAN_OROMO_CAVALRY',		'CLASS_BARB_ETHIOPIAN'),
			('UNIT_INFANTRY',						'CLASS_BARB_ETHIOPIAN');
			
--Nubian
INSERT OR REPLACE INTO Tags (Tag,	Vocabulary) 
VALUES		('CLASS_BARB_NUBIAN',			'ABILITY_CLASS');

INSERT OR REPLACE INTO TypeTags (Type,	Tag) 
VALUES		('UNIT_BARBARIAN_PITATI',				'CLASS_BARB_NUBIAN'),
			('UNIT_BARBARIAN_MANDEKALU',			'CLASS_BARB_NUBIAN'),
			('UNIT_INFANTRY',						'CLASS_BARB_NUBIAN');
			
--Mali
INSERT OR REPLACE INTO Tags (Tag,	Vocabulary) 
VALUES		('CLASS_BARB_MALI',			'ABILITY_CLASS');

INSERT OR REPLACE INTO TypeTags (Type,	Tag) 
VALUES		('UNIT_BARBARIAN_AFRICA_WARRIOR',	'CLASS_BARB_MALI'),
			('UNIT_BARBARIAN_MEDJAY',			'CLASS_BARB_MALI'),
			('UNIT_BARBARIAN_MANDEKALU',		'CLASS_BARB_MALI'),
			('UNIT_INFANTRY',					'CLASS_BARB_MALI');
			
--Zulu
INSERT OR REPLACE INTO Tags (Tag,	Vocabulary) 
VALUES		('CLASS_BARB_ZULU',			'ABILITY_CLASS');

INSERT OR REPLACE INTO TypeTags (Type,	Tag) 
VALUES		('UNIT_BARBARIAN_IMPI',					'CLASS_BARB_ZULU'),
			('UNIT_INFANTRY',						'CLASS_BARB_ZULU');
			
--Celtic
INSERT OR REPLACE INTO Tags (Tag,	Vocabulary) 
VALUES		('CLASS_BARB_CELTIC',			'ABILITY_CLASS');

INSERT OR REPLACE INTO TypeTags (Type,	Tag) 
VALUES		('UNIT_BARBARIAN_GAESATAE',					'CLASS_BARB_CELTIC'),
			('UNIT_BARBARIAN_BERSERKER',				'CLASS_BARB_CELTIC'),
			('UNIT_MUSKETMAN',							'CLASS_BARB_CELTIC'),
			('UNIT_BARBARIAN_HIGHLANDER',				'CLASS_BARB_CELTIC'),
			('UNIT_INFANTRY',							'CLASS_BARB_CELTIC');

--Greek
INSERT OR REPLACE INTO Tags (Tag,	Vocabulary) 
VALUES		('CLASS_BARB_GREEK',			'ABILITY_CLASS');

INSERT OR REPLACE INTO TypeTags (Type,	Tag) 
VALUES		('UNIT_BARBARIAN_HOPLITE',					'CLASS_BARB_GREEK'),
			('UNIT_PIKEMAN',							'CLASS_BARB_GREEK'),
			('UNIT_PIKE_AND_SHOT',						'CLASS_BARB_GREEK'),
			('UNIT_BARBARIAN_JANISSARY',				'CLASS_BARB_GREEK'),
			('UNIT_INFANTRY',							'CLASS_BARB_GREEK');

-- Viking
INSERT OR REPLACE INTO Tags (Tag,	Vocabulary) 
VALUES		('CLASS_BARB_VIKING_NAVAL',			'ABILITY_CLASS');

INSERT OR REPLACE INTO TypeTags (Type,	Tag) 
VALUES		('UNIT_BARBARIAN_LONGSHIP',					'CLASS_BARB_VIKING_NAVAL'),
			('UNIT_BARBARIAN_PRIVATEER',				'CLASS_BARB_VIKING_NAVAL'),
			('UNIT_IRONCLAD',							'CLASS_BARB_VIKING_NAVAL');
			
--Varangians
INSERT OR REPLACE INTO Tags (Tag,	Vocabulary) 
VALUES		('CLASS_BARB_VARANGIAN',			'ABILITY_CLASS');

INSERT OR REPLACE INTO TypeTags (Type,	Tag) 
VALUES		('UNIT_BARBARIAN_GAESATAE',					'CLASS_BARB_VARANGIAN'),
			('UNIT_SWORDSMAN',							'CLASS_BARB_VARANGIAN'),
			('UNIT_BARBARIAN_BERSERKER',				'CLASS_BARB_VARANGIAN'),
			('UNIT_MUSKETMAN',							'CLASS_BARB_VARANGIAN'),
			('UNIT_LINE_INFANTRY',						'CLASS_BARB_VARANGIAN'),
			('UNIT_INFANTRY',							'CLASS_BARB_VARANGIAN');

--Mongol
INSERT OR REPLACE INTO Tags (Tag,	Vocabulary) 
VALUES		('CLASS_BARB_MONGOL',			'ABILITY_CLASS');

INSERT OR REPLACE INTO TypeTags (Type,	Tag) 
VALUES		('UNIT_BARBARIAN_SCYTHIAN_HORSE_ARCHER',	'CLASS_BARB_MONGOL'),
			('UNIT_BARBARIAN_KESHIG',					'CLASS_BARB_MONGOL'),
			('UNIT_BARBARIAN_COSSACK',					'CLASS_BARB_MONGOL');
			
--Scythian
INSERT OR REPLACE INTO Tags (Tag,	Vocabulary) 
VALUES		('CLASS_BARB_SCYTHIAN',			'ABILITY_CLASS');

INSERT OR REPLACE INTO TypeTags (Type,	Tag) 
VALUES		('UNIT_BARBARIAN_SCYTHIAN_HORSE_ARCHER',	'CLASS_BARB_SCYTHIAN'),
			('UNIT_BARBARIAN_KESHIG',					'CLASS_BARB_SCYTHIAN'),
			('UNIT_BARBARIAN_COSSACK',					'CLASS_BARB_SCYTHIAN');
			
--Generic Horse Archer
INSERT OR REPLACE INTO Tags (Tag,	Vocabulary) 
VALUES		('CLASS_BARB_MOBILE_RANGED',			'ABILITY_CLASS');

INSERT OR REPLACE INTO TypeTags (Type,	Tag) 
VALUES		('UNIT_BARBARIAN_HORSE_ARCHER',				'CLASS_BARB_MOBILE_RANGED'),
			('UNIT_BARBARIAN_KESHIG',					'CLASS_BARB_MOBILE_RANGED'),
			('UNIT_BARBARIAN_COSSACK',					'CLASS_BARB_MOBILE_RANGED');

--Slavic
INSERT OR REPLACE INTO Tags (Tag,	Vocabulary) 
VALUES		('CLASS_BARB_SLAVIC',			'ABILITY_CLASS');

INSERT OR REPLACE INTO TypeTags (Type,	Tag) 
VALUES		('UNIT_BARBARIAN_SCYTHIAN_HORSE_ARCHER',	'CLASS_BARB_SLAVIC'),
			('UNIT_BARBARIAN_BLACK_ARMY',				'CLASS_BARB_SLAVIC'),
			('UNIT_BARBARIAN_COSSACK',					'CLASS_BARB_SLAVIC');
			
--Aztec
INSERT OR REPLACE INTO Tags (Tag,	Vocabulary) 
VALUES		('CLASS_BARB_AZTEC',			'ABILITY_CLASS');

INSERT OR REPLACE INTO TypeTags (Type,	Tag) 
VALUES		('UNIT_BARBARIAN_EAGLE_WARRIOR',			'CLASS_BARB_AZTEC'),
			('UNIT_BARBARIAN_CONQUISTADOR',				'CLASS_BARB_AZTEC'),
			('UNIT_LINE_INFANTRY',						'CLASS_BARB_AZTEC'),
			('UNIT_INFANTRY',							'CLASS_BARB_AZTEC');
			
--Maya
INSERT OR REPLACE INTO Tags (Tag,	Vocabulary) 
VALUES		('CLASS_BARB_MAYA',			'ABILITY_CLASS');

INSERT OR REPLACE INTO TypeTags (Type,	Tag) 
VALUES		('UNIT_BARBARIAN_HULCHE',					'CLASS_BARB_MAYA'),
			('UNIT_BARBARIAN_CONQUISTADOR',				'CLASS_BARB_MAYA'),
			('UNIT_LINE_INFANTRY',						'CLASS_BARB_MAYA'),
			('UNIT_INFANTRY',							'CLASS_BARB_MAYA');
			
--Maori
INSERT OR REPLACE INTO Tags (Tag,	Vocabulary) 
VALUES		('CLASS_BARB_MAORI',			'ABILITY_CLASS');

INSERT OR REPLACE INTO TypeTags (Type,	Tag) 
VALUES		('UNIT_BARBARIAN_TOA',						'CLASS_BARB_MAORI'),
			('UNIT_INFANTRY',							'CLASS_BARB_MAORI');

--Varu
INSERT OR REPLACE INTO Tags (Tag,	Vocabulary) 
VALUES		('CLASS_BARB_VARU',			'ABILITY_CLASS');

INSERT OR REPLACE INTO TypeTags (Type,	Tag) 
VALUES		('UNIT_BARBARIAN_ASIA_WARRIOR',				'CLASS_BARB_VARU'),
			('UNIT_BARBARIAN_VARU',						'CLASS_BARB_VARU'),
			('UNIT_LINE_INFANTRY',						'CLASS_BARB_VARU'),
			('UNIT_INFANTRY',							'CLASS_BARB_VARU');

--Voi Chien
INSERT OR REPLACE INTO Tags (Tag,	Vocabulary) 
VALUES		('CLASS_BARB_VOI_CHIEN',			'ABILITY_CLASS');

INSERT OR REPLACE INTO TypeTags (Type,	Tag) 
VALUES		('UNIT_SLINGER',						'CLASS_BARB_VOI_CHIEN'),
			('UNIT_ARCHER',							'CLASS_BARB_VOI_CHIEN'),
			('UNIT_BARBARIAN_VOI_CHIEN',			'CLASS_BARB_VOI_CHIEN'),
			('UNIT_MACHINE_GUN',					'CLASS_BARB_VOI_CHIEN');
			
--Domrey
INSERT OR REPLACE INTO Tags (Tag,	Vocabulary) 
VALUES		('CLASS_BARB_DOMREY',			'ABILITY_CLASS');

INSERT OR REPLACE INTO TypeTags (Type,	Tag) 
VALUES		('UNIT_BARBARIAN_ASIA_WARRIOR',			'CLASS_BARB_DOMREY'),
			('UNIT_BARBARIAN_VARU',					'CLASS_BARB_DOMREY'),
			('UNIT_BARBARIAN_DOMREY',				'CLASS_BARB_DOMREY'),
			('UNIT_ARTILLERY',						'CLASS_BARB_DOMREY');
			
--Tagma
INSERT OR REPLACE INTO Tags (Tag,	Vocabulary) 
VALUES		('CLASS_BARB_TAGMA',			'ABILITY_CLASS');

INSERT OR REPLACE INTO TypeTags (Type,	Tag) 
VALUES		('UNIT_BARBARIAN_HORSEMAN',				'CLASS_BARB_TAGMA'),
			('UNIT_BARBARIAN_CATAPHRACT',			'CLASS_BARB_TAGMA'),
			('UNIT_CUIRASSIER',						'CLASS_BARB_TAGMA'),
			('UNIT_TANK',							'CLASS_BARB_TAGMA');
			
--Persian
INSERT OR REPLACE INTO Tags (Tag,	Vocabulary) 
VALUES		('CLASS_BARB_PERSIAN',			'ABILITY_CLASS');

INSERT OR REPLACE INTO TypeTags (Type,	Tag) 
VALUES		('UNIT_WARRIOR',						'CLASS_BARB_PERSIAN'),
			('UNIT_BARBARIAN_IMMORTAL',				'CLASS_BARB_PERSIAN'),
			('UNIT_BARBARIAN_KHEVSURETI',			'CLASS_BARB_PERSIAN'),
			('UNIT_BARBARIAN_JANISSARY',			'CLASS_BARB_PERSIAN'),
			('UNIT_INFANTRY',						'CLASS_BARB_PERSIAN');
			
--Patagonian
INSERT OR REPLACE INTO Tags (Tag,	Vocabulary) 
VALUES		('CLASS_BARB_PATAGONIAN',			'ABILITY_CLASS');

INSERT OR REPLACE INTO TypeTags (Type,	Tag) 
VALUES		('UNIT_BARBARIAN_SOUTHAM_WARRIOR',		'CLASS_BARB_PATAGONIAN'),
			('UNIT_BARBARIAN_MALON_RAIDER',			'CLASS_BARB_PATAGONIAN'),
			('UNIT_INFANTRY',						'CLASS_BARB_PATAGONIAN');
			
--South American
INSERT OR REPLACE INTO Tags (Tag,	Vocabulary) 
VALUES		('CLASS_BARB_SOUTHAM',			'ABILITY_CLASS');

INSERT OR REPLACE INTO TypeTags (Type,	Tag) 
VALUES		('UNIT_BARBARIAN_SOUTHAM_WARRIOR',		'CLASS_BARB_SOUTHAM'),
			('UNIT_BARBARIAN_LLANERO',				'CLASS_BARB_SOUTHAM'),
			('UNIT_INFANTRY',						'CLASS_BARB_SOUTHAM');
			
--Australian
INSERT OR REPLACE INTO Tags (Tag,	Vocabulary) 
VALUES		('CLASS_BARB_AUSTRALIAN',			'ABILITY_CLASS');

INSERT OR REPLACE INTO TypeTags (Type,	Tag) 
VALUES		('UNIT_BARBARIAN_AUSTRALIA_WARRIOR',		'CLASS_BARB_AUSTRALIAN');

--Incan
INSERT OR REPLACE INTO Tags (Tag,	Vocabulary) 
VALUES		('CLASS_BARB_INCAN',			'ABILITY_CLASS');

INSERT OR REPLACE INTO TypeTags (Type,	Tag) 
VALUES		('UNIT_BARBARIAN_SOUTHAM_WARRIOR',		'CLASS_BARB_INCAN'),
			('UNIT_BARBARIAN_WARAKAQ',				'CLASS_BARB_INCAN'),
			('UNIT_BARBARIAN_CONQUISTADOR',			'CLASS_BARB_INCAN'),
			('UNIT_LINE_INFANTRY',					'CLASS_BARB_INCAN'),
			('UNIT_INFANTRY',						'CLASS_BARB_INCAN');
			
--EastAsian
INSERT OR REPLACE INTO Tags (Tag,	Vocabulary) 
VALUES		('CLASS_BARB_EASTASIAN',			'ABILITY_CLASS');

INSERT OR REPLACE INTO TypeTags (Type,	Tag) 
VALUES		('UNIT_BARBARIAN_ASIA_WARRIOR',			'CLASS_BARB_EASTASIAN'),
			('UNIT_BARBARIAN_ASIA_SWORDSMAN',		'CLASS_BARB_EASTASIAN'),
			('UNIT_BARBARIAN_SAMURAI',				'CLASS_BARB_EASTASIAN'),
			('UNIT_MUSKETMAN',						'CLASS_BARB_EASTASIAN'),
			('UNIT_LINE_INFANTRY',					'CLASS_BARB_EASTASIAN'),
			('UNIT_INFANTRY',						'CLASS_BARB_EASTASIAN');